n,accuracy,nll,brier,ece_15bin,dataset,method,stratum
396,0.6742424242424242,0.6197966509505021,0.2143968962418314,0.053162295484181624,aleatoric_boundary,base,Q1
396,0.8737373737373737,0.38586233089958644,0.11070858867252586,0.05759842109142081,aleatoric_boundary,base,Q2
396,0.9772727272727273,0.11032301329757037,0.022247943112009526,0.0066391441176146815,aleatoric_boundary,base,Q3
396,0.9924242424242424,0.044120424208253683,0.0075128420647351535,0.0019134678924926929,aleatoric_boundary,base,Q4
396,0.6742424242424242,0.6155210540308345,0.21290831545671443,0.035531584496089376,aleatoric_boundary,base_scaled,Q1
396,0.8737373737373737,0.37110826914062306,0.10833442844503187,0.033764610901666346,aleatoric_boundary,base_scaled,Q2
396,0.9772727272727273,0.10925866074942842,0.022237722206416923,0.0042880247013373785,aleatoric_boundary,base_scaled,Q3
396,0.9924242424242424,0.04452679685522941,0.0075155528035038026,0.0034506709181147954,aleatoric_boundary,base_scaled,Q4
396,0.6060606060606061,0.728667236462853,0.25619157701742035,0.12491591626923818,aleatoric_boundary,mc_dropout,Q1
396,0.8611111111111112,0.3978910852993918,0.1147790974825039,0.05645324623805266,aleatoric_boundary,mc_dropout,Q2
396,0.9772727272727273,0.12839340031263224,0.025284990190964127,0.030459567774797764,aleatoric_boundary,mc_dropout,Q3
396,0.9924242424242424,0.04516586862432649,0.007533244453952674,0.0005610429768139191,aleatoric_boundary,mc_dropout,Q4
396,0.6666666666666666,0.6236711498317875,0.2163673897089967,0.02983962016027588,aleatoric_boundary,conv_epinet,Q1
396,0.8737373737373737,0.38527742532428677,0.11097338486912421,0.030730840589161527,aleatoric_boundary,conv_epinet,Q2
396,0.9772727272727273,0.10890989754495879,0.02240770625414688,0.014206691440189084,aleatoric_boundary,conv_epinet,Q3
396,0.9924242424242424,0.044912746548758695,0.00755702330100662,0.0035899832433085284,aleatoric_boundary,conv_epinet,Q4
396,0.6691919191919192,0.6283314938729385,0.21757947360893728,0.03610326261039787,aleatoric_boundary,laplace,Q1
396,0.8737373737373737,0.3809377102319047,0.10990788404469413,0.02608623730915479,aleatoric_boundary,laplace,Q2
396,0.9772727272727273,0.11514289390083622,0.022861238642220387,0.01787334487558182,aleatoric_boundary,laplace,Q3
396,0.9924242424242424,0.04491466601113943,0.007522358091212623,0.010962994474690846,aleatoric_boundary,laplace,Q4
396,0.6818181818181818,0.6126433501412604,0.21098447433315948,0.06636966327100856,aleatoric_boundary,ensemble_k5,Q1
396,0.8737373737373737,0.36782244618371185,0.10762734453559297,0.04635378549585369,aleatoric_boundary,ensemble_k5,Q2
396,0.9772727272727273,0.10820636260756553,0.022194353727163114,0.005674506594733231,aleatoric_boundary,ensemble_k5,Q3
396,0.9924242424242424,0.04413947518100845,0.007513248690719112,0.0014999405510627284,aleatoric_boundary,ensemble_k5,Q4
396,0.6666666666666666,0.619429911728566,0.2140358196248098,0.06109132617170258,aleatoric_boundary,ensemble_k3,Q1
396,0.8762626262626263,0.3660525906857006,0.10683250930531211,0.049837954671968686,aleatoric_boundary,ensemble_k3,Q2
396,0.9772727272727273,0.10935726726932232,0.022243682899394362,0.00524916825878077,aleatoric_boundary,ensemble_k3,Q3
396,0.9924242424242424,0.04410283062515815,0.00751283288247807,0.0014477904742511427,aleatoric_boundary,ensemble_k3,Q4
396,0.6464646464646465,0.6524643037429775,0.22993660258729118,0.07929747016237407,aleatoric_boundary,evidential,Q1
396,0.8611111111111112,0.3860885825883122,0.11566834432334813,0.05630651996420684,aleatoric_boundary,evidential,Q2
396,0.9772727272727273,0.17482349597290855,0.032287558341086375,0.09763309986937713,aleatoric_boundary,evidential,Q3
396,0.9924242424242424,0.12914402159657512,0.01738472492230718,0.09933810379971508,aleatoric_boundary,evidential,Q4
396,0.6186868686868687,0.912744965257273,0.28385261820816043,0.21934615027548182,aleatoric_boundary,cnn_mc_dropout,Q1
396,0.7853535353535354,0.5484250116406794,0.15863459815868772,0.08929803560054675,aleatoric_boundary,cnn_mc_dropout,Q2
396,0.9621212121212122,0.15513960583996517,0.033094559338956324,0.022165314195012623,aleatoric_boundary,cnn_mc_dropout,Q3
396,0.9873737373737373,0.06948299832849318,0.010660090033384587,0.007767867040666447,aleatoric_boundary,cnn_mc_dropout,Q4
396,0.6565656565656566,0.6686513916047313,0.21910521737937316,0.10717196447494923,aleatoric_boundary,cnn_ensemble,Q1
396,0.8333333333333334,0.4302026091335463,0.12790699258864022,0.052258896592066326,aleatoric_boundary,cnn_ensemble,Q2
396,0.9722222222222222,0.14093715730285075,0.028013155007906285,0.024233057185268685,aleatoric_boundary,cnn_ensemble,Q3
396,0.9924242424242424,0.06066689849347221,0.008045703909702304,0.006827890500073909,aleatoric_boundary,cnn_ensemble,Q4
396,0.5984848484848485,0.6690265591832346,0.2380411447679215,0.08862967913353026,aleatoric_boundary,rf,Q1
396,0.8181818181818182,0.47441922689072347,0.1496357191596202,0.11094997017465179,aleatoric_boundary,rf,Q2
396,0.9621212121212122,0.24792280748841347,0.057070843867949764,0.1434430707884103,aleatoric_boundary,rf,Q3
396,0.98989898989899,0.10995054786622721,0.019171439393045348,0.0682816515813953,aleatoric_boundary,rf,Q4
400,0.88,0.25661709904670715,0.08175946909998942,0.03627624318003655,promoter_alisim_dense,base,0.0
400,0.8675,0.26863348484039307,0.08607038973672348,0.052484963238239264,promoter_alisim_dense,base,0.01
400,0.89,0.25532636046409607,0.08048614946579541,0.03423400416970252,promoter_alisim_dense,base,0.02
400,0.8675,0.2723001539707184,0.08667016956656003,0.036347608119249364,promoter_alisim_dense,base,0.05
400,0.855,0.31045642495155334,0.09774736404970245,0.046773407608270645,promoter_alisim_dense,base,0.1
400,0.8625,0.328738808631897,0.10169552270619725,0.05361512929201129,promoter_alisim_dense,base,0.15
400,0.8275,0.41438302397727966,0.12780176343081845,0.06988799989223479,promoter_alisim_dense,base,0.2
400,0.7825,0.546078085899353,0.1648058168857243,0.10183179572224617,promoter_alisim_dense,base,0.3
400,0.6925,0.7151461243629456,0.22277997856575593,0.16787459492683413,promoter_alisim_dense,base,0.4
400,0.675,0.8672512769699097,0.2545973473426037,0.20446102753281598,promoter_alisim_dense,base,0.5
400,0.6125,0.8370151519775391,0.26765440399032125,0.24456645876169203,promoter_alisim_dense,base,0.6
400,0.61,0.9155516624450684,0.28277013587797656,0.2550624741613865,promoter_alisim_dense,base,0.8
400,0.565,1.0390021800994873,0.328532847380446,0.31535145342350007,promoter_alisim_dense,base,1.0
400,0.5325,1.1711536645889282,0.35153691927470077,0.3536666025221348,promoter_alisim_dense,base,1.5
400,0.5425,1.1556872129440308,0.3478264984587182,0.32902662724256515,promoter_alisim_dense,base,2.0
400,0.5375,1.166731357574463,0.3495502239494785,0.3276987755298615,promoter_alisim_dense,base,3.0
400,0.88,0.25500237941741943,0.08060533739790095,0.04196764096617701,promoter_alisim_dense,base_scaled,0.0
400,0.8675,0.2655349671840668,0.08460778604528411,0.03936436370015141,promoter_alisim_dense,base_scaled,0.01
400,0.89,0.2545653283596039,0.0797915611395843,0.030216527283191692,promoter_alisim_dense,base_scaled,0.02
400,0.8675,0.2699495255947113,0.08547326287641663,0.03122243627905843,promoter_alisim_dense,base_scaled,0.05
400,0.855,0.3038579821586609,0.09622587229359558,0.03345491766929625,promoter_alisim_dense,base_scaled,0.1
400,0.8625,0.32126566767692566,0.10055023978141056,0.026471141874790164,promoter_alisim_dense,base_scaled,0.15
400,0.8275,0.3975328505039215,0.12544981335048058,0.053233582228422185,promoter_alisim_dense,base_scaled,0.2
400,0.7825,0.5137221813201904,0.1612769851346428,0.08821340858936308,promoter_alisim_dense,base_scaled,0.3
400,0.6925,0.6634373664855957,0.2157073329687716,0.15196281298995015,promoter_alisim_dense,base_scaled,0.4
400,0.675,0.7948918342590332,0.24709469212794016,0.1855683210492134,promoter_alisim_dense,base_scaled,0.5
400,0.6125,0.7709605693817139,0.25735721814261486,0.22510346069931986,promoter_alisim_dense,base_scaled,0.6
400,0.61,0.839199423789978,0.27239333534889437,0.23846370100975034,promoter_alisim_dense,base_scaled,0.8
400,0.565,0.9439517855644226,0.31415581742385634,0.29702685549855234,promoter_alisim_dense,base_scaled,1.0
400,0.5325,1.0566308498382568,0.3369263252101779,0.3364607626199722,promoter_alisim_dense,base_scaled,1.5
400,0.5425,1.046406626701355,0.33417951905259274,0.311376031935215,promoter_alisim_dense,base_scaled,2.0
400,0.5375,1.0590134859085083,0.33619223955487115,0.30679825723171233,promoter_alisim_dense,base_scaled,3.0
400,0.87,0.2831370862346704,0.08909714791058995,0.03583063159929832,promoter_alisim_dense,mc_dropout,0.0
400,0.87,0.291772597635422,0.09252873073952053,0.0488103201032724,promoter_alisim_dense,mc_dropout,0.0099999997764825
400,0.87,0.28727746958309736,0.08983041826924718,0.03603033720785168,promoter_alisim_dense,mc_dropout,0.0199999995529651
400,0.8575,0.322846691300154,0.10210675486175962,0.03772502222493086,promoter_alisim_dense,mc_dropout,0.050000000745058
400,0.82,0.4080037228591252,0.13080209220056724,0.061991509425031226,promoter_alisim_dense,mc_dropout,0.1000000014901161
400,0.7775,0.47447786445178386,0.15416856226758843,0.08632099890381495,promoter_alisim_dense,mc_dropout,0.1500000059604644
400,0.7425,0.6070173277164033,0.19242463746769845,0.12096823683725932,promoter_alisim_dense,mc_dropout,0.2000000029802322
400,0.655,0.8142821629486724,0.2557180490117188,0.2286588144679586,promoter_alisim_dense,mc_dropout,0.3000000119209289
400,0.575,0.9629537917893211,0.3076388047575877,0.30311060917079635,promoter_alisim_dense,mc_dropout,0.4000000059604645
400,0.5725,1.0581604492802552,0.3210918769387554,0.30836870570407915,promoter_alisim_dense,mc_dropout,0.5
400,0.5275,1.089256825922102,0.34510345319272095,0.36487375371621844,promoter_alisim_dense,mc_dropout,0.6000000238418579
400,0.535,1.1364113903707078,0.35401142149618786,0.36695076901568946,promoter_alisim_dense,mc_dropout,0.800000011920929
400,0.515,1.2917576091030247,0.3894495489551973,0.40491381943774407,promoter_alisim_dense,mc_dropout,1.0
400,0.5025,1.4398814669549729,0.418150845462347,0.43528413033366453,promoter_alisim_dense,mc_dropout,1.5
400,0.505,1.432097783233638,0.4145104411293079,0.4255820849623604,promoter_alisim_dense,mc_dropout,2.0
400,0.5,1.428457341685747,0.41777691243334286,0.43297938621627713,promoter_alisim_dense,mc_dropout,3.0
400,0.8825,0.25478165780632434,0.07934481647734451,0.03388543118435102,promoter_alisim_dense,conv_epinet,0.0
400,0.8575,0.2769887164002677,0.08814274823125785,0.04207442892605572,promoter_alisim_dense,conv_epinet,0.0099999997764825
400,0.8875,0.25936722719386607,0.08094472973808697,0.017576094087585398,promoter_alisim_dense,conv_epinet,0.0199999995529651
400,0.87,0.2754410248887712,0.08785421116463411,0.03915679594802633,promoter_alisim_dense,conv_epinet,0.050000000745058
400,0.86,0.2997980219068988,0.09464158847712169,0.03522748969309623,promoter_alisim_dense,conv_epinet,0.1000000014901161
400,0.86,0.32484908436387433,0.10202271542170475,0.03445154314224415,promoter_alisim_dense,conv_epinet,0.1500000059604644
400,0.83,0.3942697066999854,0.12486514511307469,0.04194138787948502,promoter_alisim_dense,conv_epinet,0.2000000029802322
400,0.775,0.519334675387797,0.16192167677610725,0.0848990513252667,promoter_alisim_dense,conv_epinet,0.3000000119209289
400,0.69,0.649928625174056,0.2126771426500503,0.15436266628352613,promoter_alisim_dense,conv_epinet,0.4000000059604645
400,0.6675,0.7872172164616613,0.245285694417147,0.18582207279757573,promoter_alisim_dense,conv_epinet,0.5
400,0.63,0.72832746111347,0.24623461580255715,0.2039750006438184,promoter_alisim_dense,conv_epinet,0.6000000238418579
400,0.6075,0.8136731341625638,0.2663042943168206,0.23807719224051915,promoter_alisim_dense,conv_epinet,0.800000011920929
400,0.57,0.9309504458818765,0.30778831204797646,0.2814435232505076,promoter_alisim_dense,conv_epinet,1.0
400,0.5425,1.0208965639744532,0.328015506692184,0.3166057613599296,promoter_alisim_dense,conv_epinet,1.5
400,0.55,1.002976581698291,0.3184209867250579,0.2887532316943451,promoter_alisim_dense,conv_epinet,2.0
400,0.5375,1.0019417407046853,0.3242291166337343,0.2919086551360268,promoter_alisim_dense,conv_epinet,3.0
400,0.88,0.25919947088871204,0.0808278082609225,0.03210423277370014,promoter_alisim_dense,laplace,0.0
400,0.875,0.26994618289718353,0.08471614930903101,0.03487108236810625,promoter_alisim_dense,laplace,0.0099999997764825
400,0.89,0.25794601991159927,0.0793788474796065,0.025066306244718048,promoter_alisim_dense,laplace,0.0199999995529651
400,0.8725,0.2725140675755741,0.08512141436431164,0.0324781191255423,promoter_alisim_dense,laplace,0.050000000745058
400,0.8575,0.3027633242166261,0.09504524288092828,0.02733113769040017,promoter_alisim_dense,laplace,0.1000000014901161
400,0.86,0.3243078672320852,0.0996754713893576,0.02254073823541673,promoter_alisim_dense,laplace,0.1500000059604644
400,0.83,0.3936338783547642,0.12467396336446468,0.054777885997772544,promoter_alisim_dense,laplace,0.2000000029802322
400,0.7825,0.5123900104140167,0.16222228674094435,0.0869055793866986,promoter_alisim_dense,laplace,0.3000000119209289
400,0.6975,0.6574816140547389,0.21448702827953534,0.15279428307267545,promoter_alisim_dense,laplace,0.4000000059604645
400,0.6675,0.7830025983245926,0.24662631824008105,0.1815586161356742,promoter_alisim_dense,laplace,0.5
400,0.62,0.773245542983743,0.25867720516529663,0.21562265559350036,promoter_alisim_dense,laplace,0.6000000238418579
400,0.61,0.8289591786395901,0.2715182877573379,0.22876484486256474,promoter_alisim_dense,laplace,0.800000011920929
400,0.5675,0.9397867856491686,0.3131920618288926,0.2907355236934506,promoter_alisim_dense,laplace,1.0
400,0.5325,1.0495607430207912,0.3358724984972763,0.3359197513754609,promoter_alisim_dense,laplace,1.5
400,0.55,1.0272166512452765,0.3334344711117345,0.3055599396320661,promoter_alisim_dense,laplace,2.0
400,0.5375,1.041564031052755,0.3356221623673123,0.3113532084489336,promoter_alisim_dense,laplace,3.0
400,0.8975,0.24557660504063045,0.07697197692325826,0.033373316164872366,promoter_alisim_dense,ensemble_k5,0.0
400,0.8825,0.26184697611967395,0.08309764826152641,0.035389903988434356,promoter_alisim_dense,ensemble_k5,0.0099999997764825
400,0.8925,0.24421193888226134,0.07711403341021912,0.026086830949931823,promoter_alisim_dense,ensemble_k5,0.0199999995529651
400,0.89,0.2604792148281256,0.08133394324988204,0.027435204335474327,promoter_alisim_dense,ensemble_k5,0.050000000745058
400,0.865,0.2953145196726237,0.09345223809127692,0.03062796262702479,promoter_alisim_dense,ensemble_k5,0.1000000014901161
400,0.8625,0.3277217431258481,0.10266281460293895,0.047741183180417895,promoter_alisim_dense,ensemble_k5,0.1500000059604644
400,0.83,0.4039528776715388,0.12787591190416886,0.08949990909754713,promoter_alisim_dense,ensemble_k5,0.2000000029802322
400,0.7725,0.5555083167573298,0.1706593871903641,0.11380054036724407,promoter_alisim_dense,ensemble_k5,0.3000000119209289
400,0.695,0.7160793000212503,0.22420451431397712,0.16776474398170688,promoter_alisim_dense,ensemble_k5,0.4000000059604645
400,0.66,0.8537775868807269,0.2546759563210002,0.21123127137936942,promoter_alisim_dense,ensemble_k5,0.5
400,0.605,0.8424020034110724,0.27289664619788867,0.26060111447485607,promoter_alisim_dense,ensemble_k5,0.6000000238418579
400,0.5975,0.9208400799745129,0.28620740571349357,0.26393240322429457,promoter_alisim_dense,ensemble_k5,0.800000011920929
400,0.55,1.046127850649801,0.3334832862249413,0.3304882911213891,promoter_alisim_dense,ensemble_k5,1.0
400,0.5275,1.1872721083079052,0.35938048711074594,0.36587403424348935,promoter_alisim_dense,ensemble_k5,1.5
400,0.555,1.164237692130005,0.35159205216289896,0.3364136122982283,promoter_alisim_dense,ensemble_k5,2.0
400,0.535,1.163752074642013,0.35120611062296975,0.33839441084753963,promoter_alisim_dense,ensemble_k5,3.0
400,0.8875,0.2485836161296731,0.0784627802118204,0.028228921276191032,promoter_alisim_dense,ensemble_k3,0.0
400,0.8725,0.2664834154963637,0.08472281324170637,0.03652161475409013,promoter_alisim_dense,ensemble_k3,0.0099999997764825
400,0.885,0.24800872728426612,0.07808968168635186,0.03265545139590309,promoter_alisim_dense,ensemble_k3,0.0199999995529651
400,0.8775,0.26726825673835103,0.08371129050148951,0.025457521019933118,promoter_alisim_dense,ensemble_k3,0.050000000745058
400,0.8575,0.2983364418497319,0.09400943665966212,0.03401343488265551,promoter_alisim_dense,ensemble_k3,0.1000000014901161
400,0.8525,0.3394278322084005,0.1060994879063751,0.056146754985583074,promoter_alisim_dense,ensemble_k3,0.1500000059604644
400,0.82,0.4098251845964904,0.12935687744408841,0.06627885783403867,promoter_alisim_dense,ensemble_k3,0.2000000029802322
400,0.7725,0.5589805086774863,0.17281554132107232,0.12030722983649116,promoter_alisim_dense,ensemble_k3,0.3000000119209289
400,0.685,0.7281959300051927,0.23023556007480836,0.1765368572574305,promoter_alisim_dense,ensemble_k3,0.4000000059604645
400,0.65,0.8702114518015932,0.261662418062487,0.22827595811136228,promoter_alisim_dense,ensemble_k3,0.5
400,0.59,0.8717948871163773,0.284160482307181,0.2633561391640179,promoter_alisim_dense,ensemble_k3,0.6000000238418579
400,0.5825,0.9395455719887716,0.29418576826982773,0.2804327425448033,promoter_alisim_dense,ensemble_k3,0.800000011920929
400,0.545,1.05799433048851,0.3379658941421069,0.339312803448061,promoter_alisim_dense,ensemble_k3,1.0
400,0.5125,1.2056131829072945,0.3654493604064191,0.3829266587367259,promoter_alisim_dense,ensemble_k3,1.5
400,0.5375,1.1784473133494513,0.35728240153903534,0.34693438993553694,promoter_alisim_dense,ensemble_k3,2.0
400,0.525,1.1792897250474461,0.3572348271698524,0.3503264421717535,promoter_alisim_dense,ensemble_k3,3.0
400,0.885,0.31275260039961555,0.08961960349526024,0.08415450931831531,promoter_alisim_dense,evidential,0.0
400,0.87,0.32512047948893696,0.0947455488633076,0.08536128143409437,promoter_alisim_dense,evidential,0.0099999997764825
400,0.8825,0.3129307769511362,0.08964715936020909,0.08780184774946134,promoter_alisim_dense,evidential,0.0199999995529651
400,0.8775,0.32015230092620667,0.09209762362989707,0.0665751056078211,promoter_alisim_dense,evidential,0.050000000745058
400,0.865,0.35494902284350305,0.10592139830019179,0.061743166100605956,promoter_alisim_dense,evidential,0.1000000014901161
400,0.84,0.38489188296161353,0.11833039577414826,0.06647520749715427,promoter_alisim_dense,evidential,0.1500000059604644
400,0.825,0.43552492532087994,0.13817665420557582,0.0729497595498918,promoter_alisim_dense,evidential,0.2000000029802322
400,0.7425,0.5221114026348721,0.17397862774260964,0.07849085994816993,promoter_alisim_dense,evidential,0.3000000119209289
400,0.67,0.6399531584430396,0.22132010195861543,0.12646182967145356,promoter_alisim_dense,evidential,0.4000000059604645
400,0.64,0.7141515266614471,0.24765858971719554,0.15417156646104047,promoter_alisim_dense,evidential,0.5
400,0.5675,0.7530149710284781,0.2694406340055908,0.22142766173369263,promoter_alisim_dense,evidential,0.6000000238418579
400,0.58,0.7658211797837207,0.27167667570641285,0.21570845952669385,promoter_alisim_dense,evidential,0.800000011920929
400,0.545,0.8448831415601306,0.3031487345341403,0.2674180079057742,promoter_alisim_dense,evidential,1.0
400,0.52,0.9156462311066913,0.3267821045857528,0.30941920496542796,promoter_alisim_dense,evidential,1.5
400,0.535,0.9243397387886679,0.3289429663775049,0.30016151063611074,promoter_alisim_dense,evidential,2.0
400,0.52,0.9166575682217022,0.32744023974866093,0.3007728402916953,promoter_alisim_dense,evidential,3.0
400,0.8425,0.3599636718174784,0.10824213013139942,0.07974160665525548,promoter_alisim_dense,cnn_mc_dropout,0.0
400,0.855,0.3577746745529977,0.10717807313284072,0.07667840480789376,promoter_alisim_dense,cnn_mc_dropout,0.01
400,0.8375,0.3649556396699519,0.11266692375322185,0.07847816838111334,promoter_alisim_dense,cnn_mc_dropout,0.02
400,0.85,0.389518503298727,0.11516289677543569,0.09124570139224694,promoter_alisim_dense,cnn_mc_dropout,0.05
400,0.86,0.3957436147921186,0.11884919557877263,0.07983263053807031,promoter_alisim_dense,cnn_mc_dropout,0.1
400,0.835,0.41694075192383695,0.12868753442996644,0.0793248373246015,promoter_alisim_dense,cnn_mc_dropout,0.15
400,0.785,0.5306406841991427,0.16010320505637352,0.11446416975667302,promoter_alisim_dense,cnn_mc_dropout,0.2
400,0.8075,0.46402565064536333,0.1420609288328221,0.07522751197699043,promoter_alisim_dense,cnn_mc_dropout,0.3
400,0.7775,0.5456012911896556,0.16795742183817888,0.09673560716876187,promoter_alisim_dense,cnn_mc_dropout,0.4
400,0.7575,0.629887745309602,0.18789854921162777,0.11597343199679486,promoter_alisim_dense,cnn_mc_dropout,0.5
400,0.7225,0.6977233598152265,0.21098226624883248,0.1451889716330066,promoter_alisim_dense,cnn_mc_dropout,0.6
400,0.69,0.7293684600481147,0.2253520048578309,0.15233139198333506,promoter_alisim_dense,cnn_mc_dropout,0.8
400,0.665,0.7586597770436901,0.24211132414248293,0.17143159888602863,promoter_alisim_dense,cnn_mc_dropout,1.0
400,0.6025,0.9832892151310719,0.28992893920100804,0.23818434380629594,promoter_alisim_dense,cnn_mc_dropout,1.5
400,0.6275,0.9094979899348623,0.2760353685547197,0.21389797744462619,promoter_alisim_dense,cnn_mc_dropout,2.0
400,0.62,0.9520907464019623,0.2877031816425956,0.21798650675389492,promoter_alisim_dense,cnn_mc_dropout,3.0
400,0.8825,0.28230714001512197,0.08304568768170861,0.046862638066032504,promoter_alisim_dense,cnn_ensemble,0.0
400,0.8825,0.2792035262204158,0.08204281449956279,0.030492073450946358,promoter_alisim_dense,cnn_ensemble,0.01
400,0.885,0.29517503816255614,0.08474118750452558,0.038283203213403366,promoter_alisim_dense,cnn_ensemble,0.02
400,0.8675,0.3168947714123366,0.09327682872732716,0.039174635159075405,promoter_alisim_dense,cnn_ensemble,0.05
400,0.86,0.32856232412790604,0.09893069170156225,0.03807593094153493,promoter_alisim_dense,cnn_ensemble,0.1
400,0.84,0.36416925913648757,0.11477094579028183,0.04249058889528234,promoter_alisim_dense,cnn_ensemble,0.15
400,0.8325,0.4159062617536155,0.12719769613428134,0.05949228535380785,promoter_alisim_dense,cnn_ensemble,0.2
400,0.8175,0.4232882231665161,0.13444749165647907,0.057888888060983516,promoter_alisim_dense,cnn_ensemble,0.3
400,0.76,0.5120543036599173,0.1666055968562092,0.07886554007723232,promoter_alisim_dense,cnn_ensemble,0.4
400,0.6925,0.6156354807645602,0.19680400723598335,0.14805778594591965,promoter_alisim_dense,cnn_ensemble,0.5
400,0.71,0.6215476472001028,0.19703140175374895,0.13501018799827108,promoter_alisim_dense,cnn_ensemble,0.6
400,0.6775,0.7284767243633636,0.22631247560398238,0.16044926300955736,promoter_alisim_dense,cnn_ensemble,0.8
400,0.63,0.7361388198435711,0.24488514462840452,0.19398240998041932,promoter_alisim_dense,cnn_ensemble,1.0
400,0.5875,0.9590805912156745,0.29108974809078086,0.24989557316769553,promoter_alisim_dense,cnn_ensemble,1.5
400,0.61,0.9539204271158731,0.2838194721333745,0.22722173657113473,promoter_alisim_dense,cnn_ensemble,2.0
400,0.585,0.9680615885731992,0.2946359099806283,0.2281502390400874,promoter_alisim_dense,cnn_ensemble,3.0
400,0.8675,0.3375650955452192,0.10177037916123169,0.08413663673895139,promoter_alisim_dense,rf,0.0
400,0.865,0.34574596072785996,0.10486362814962055,0.08357418989745347,promoter_alisim_dense,rf,0.01
400,0.87,0.34873994498596533,0.10611249904981097,0.09487415727954483,promoter_alisim_dense,rf,0.02
400,0.8625,0.36330440999160674,0.11081148886618014,0.0920720925381847,promoter_alisim_dense,rf,0.05
400,0.855,0.3818395427419234,0.11790233090753521,0.09853051374107201,promoter_alisim_dense,rf,0.1
400,0.83,0.3867530969116244,0.12061176013258106,0.09048345157594757,promoter_alisim_dense,rf,0.15
400,0.8075,0.421965191310828,0.13492572227564012,0.07178878073929167,promoter_alisim_dense,rf,0.2
400,0.7975,0.4388231743169974,0.14080092813628992,0.0772519264384963,promoter_alisim_dense,rf,0.3
400,0.7775,0.46726624408449413,0.1523579671014935,0.07455424393253736,promoter_alisim_dense,rf,0.4
400,0.74,0.5043588094140493,0.16734206235163931,0.08263281259523483,promoter_alisim_dense,rf,0.5
400,0.7625,0.4903581928404019,0.16079434698638606,0.08424908036134163,promoter_alisim_dense,rf,0.6
400,0.745,0.5181854082270764,0.171312764553858,0.0881146961453794,promoter_alisim_dense,rf,0.8
400,0.7125,0.564770655998291,0.1921286274609995,0.04853543407256491,promoter_alisim_dense,rf,1.0
400,0.6725,0.592886472907065,0.20461846327907374,0.051411572475458064,promoter_alisim_dense,rf,1.5
400,0.6675,0.6022770908432851,0.2084414648304704,0.04120220946222705,promoter_alisim_dense,rf,2.0
400,0.6225,0.653241489147597,0.2307864362568452,0.03363136183555215,promoter_alisim_dense,rf,3.0
