idx,label,pred_base,prob_class1,margin,quartile
0,1,1,0.7984923124313354,0.5969846248626709,Q1
1,1,0,0.06845607608556747,0.8630878329277039,Q2
2,1,1,0.8990830779075623,0.7981661558151245,Q2
3,1,1,0.9948768019676208,0.9897536039352417,Q4
4,1,1,0.9942991733551025,0.9885983467102051,Q4
5,1,1,0.9584829211235046,0.9169658422470093,Q2
6,1,1,0.6746299862861633,0.34925997257232666,Q1
7,1,1,0.8796507120132446,0.7593014240264893,Q2
8,1,1,0.9123085737228394,0.8246171474456787,Q2
9,1,1,0.9929854273796082,0.9859708547592163,Q4
10,1,0,0.06633150577545166,0.8673369884490967,Q2
11,1,1,0.9949260950088501,0.9898521900177002,Q4
12,1,1,0.9921425580978394,0.9842851161956787,Q4
13,1,1,0.9579485654830933,0.9158971309661865,Q2
14,1,1,0.7058655023574829,0.4117310047149658,Q1
15,1,0,0.26352038979530334,0.4729592204093933,Q1
16,1,1,0.9880544543266296,0.9761089086532593,Q3
17,1,1,0.9946147799491882,0.9892295598983765,Q4
18,1,1,0.9907646179199219,0.9815292358398438,Q3
19,1,1,0.9944941401481628,0.9889882802963257,Q4
20,1,1,0.9949668049812317,0.9899336099624634,Q4
21,1,1,0.843727171421051,0.687454342842102,Q1
22,1,0,0.133088618516922,0.733822762966156,Q2
23,1,1,0.9940211176872253,0.9880422353744507,Q4
24,1,1,0.7535560131072998,0.5071120262145996,Q1
25,1,1,0.8444916009902954,0.6889832019805908,Q1
26,1,1,0.8654052019119263,0.7308104038238525,Q2
27,1,1,0.9290801286697388,0.8581602573394775,Q2
28,1,1,0.9948500990867615,0.989700198173523,Q4
29,1,0,0.35044065117836,0.29911869764328003,Q1
30,1,1,0.9928262233734131,0.9856524467468262,Q4
31,1,1,0.9929313659667969,0.9858627319335938,Q4
32,1,1,0.8083052635192871,0.6166105270385742,Q1
33,1,1,0.5502439141273499,0.10048782825469971,Q1
34,1,1,0.9229812026023865,0.845962405204773,Q2
35,1,1,0.9078222513198853,0.8156445026397705,Q2
36,1,1,0.9948492646217346,0.9896985292434692,Q4
37,1,1,0.9942968487739563,0.9885936975479126,Q4
38,1,1,0.9946700930595398,0.9893401861190796,Q4
39,1,0,0.1387750804424286,0.7224498391151428,Q1
40,1,1,0.7055312991142273,0.4110625982284546,Q1
41,1,1,0.9943162798881531,0.9886325597763062,Q4
42,1,0,0.38950344920158386,0.22099310159683228,Q1
43,1,1,0.9949097037315369,0.9898194074630737,Q4
44,1,1,0.988434910774231,0.9768698215484619,Q3
45,1,1,0.994723916053772,0.989447832107544,Q4
46,1,1,0.9947813153266907,0.9895626306533813,Q4
47,1,1,0.9536663889884949,0.9073327779769897,Q2
48,1,1,0.8510106205940247,0.7020212411880493,Q1
49,1,1,0.9579602479934692,0.9159204959869385,Q2
50,1,1,0.8758472800254822,0.7516945600509644,Q2
51,1,1,0.9188199043273926,0.8376398086547852,Q2
52,1,1,0.9408032298088074,0.8816064596176147,Q2
53,1,1,0.9331978559494019,0.8663957118988037,Q2
54,1,1,0.8076583743095398,0.6153167486190796,Q1
55,1,1,0.985241711139679,0.9704834222793579,Q3
56,1,1,0.9948839545249939,0.9897679090499878,Q4
57,1,1,0.994351863861084,0.988703727722168,Q4
58,1,0,0.12114076316356659,0.7577184438705444,Q2
59,1,1,0.9836190342903137,0.9672380685806274,Q3
60,1,1,0.9220488667488098,0.8440977334976196,Q2
61,1,1,0.992404043674469,0.984808087348938,Q4
62,1,1,0.8694829344749451,0.7389658689498901,Q2
63,1,1,0.9947447776794434,0.9894895553588867,Q4
64,1,1,0.8527567982673645,0.705513596534729,Q1
65,1,1,0.9916708469390869,0.9833416938781738,Q3
66,1,1,0.9940833449363708,0.9881666898727417,Q4
67,1,1,0.9821115732192993,0.9642231464385986,Q3
68,1,1,0.7469221949577332,0.4938443899154663,Q1
69,1,1,0.9920759201049805,0.9841518402099609,Q4
70,1,1,0.9274013042449951,0.8548026084899902,Q2
71,1,1,0.9947240948677063,0.9894481897354126,Q4
72,1,1,0.9548277854919434,0.9096555709838867,Q2
73,1,1,0.9945107698440552,0.9890215396881104,Q4
74,1,0,0.31231793761253357,0.37536412477493286,Q1
75,1,1,0.9935830235481262,0.9871660470962524,Q4
76,1,1,0.9947503209114075,0.9895006418228149,Q4
77,1,1,0.9946746826171875,0.989349365234375,Q4
78,1,1,0.9947829842567444,0.9895659685134888,Q4
79,1,1,0.9785511493682861,0.9571022987365723,Q3
80,1,1,0.9948400855064392,0.9896801710128784,Q4
81,1,1,0.7780093550682068,0.5560187101364136,Q1
82,1,1,0.9925726652145386,0.9851453304290771,Q4
83,1,1,0.9930543303489685,0.986108660697937,Q4
84,1,1,0.9945308566093445,0.989061713218689,Q4
85,1,1,0.9947115182876587,0.9894230365753174,Q4
86,1,1,0.9940793514251709,0.9881587028503418,Q4
87,1,1,0.9944853186607361,0.9889706373214722,Q4
88,1,1,0.9927883744239807,0.9855767488479614,Q4
89,1,1,0.9935364127159119,0.9870728254318237,Q4
90,1,0,0.22032833099365234,0.5593433380126953,Q1
91,1,1,0.9934724569320679,0.9869449138641357,Q4
92,1,1,0.8608368635177612,0.7216737270355225,Q1
93,1,1,0.994601845741272,0.989203691482544,Q4
94,1,1,0.9948691129684448,0.9897382259368896,Q4
95,1,0,0.0691680759191513,0.861663818359375,Q2
96,1,1,0.8483448624610901,0.6966897249221802,Q1
97,1,1,0.9949262142181396,0.9898524284362793,Q4
98,1,1,0.7756491303443909,0.5512982606887817,Q1
99,1,1,0.8787619471549988,0.7575238943099976,Q2
100,1,1,0.5996537804603577,0.19930756092071533,Q1
101,1,1,0.9109413027763367,0.8218826055526733,Q2
102,1,1,0.7638869881629944,0.5277739763259888,Q1
103,1,1,0.7653937339782715,0.530787467956543,Q1
104,1,1,0.9946069121360779,0.9892138242721558,Q4
105,1,1,0.8591522574424744,0.7183045148849487,Q1
106,1,0,0.3656214773654938,0.26875704526901245,Q1
107,1,0,0.264167457818985,0.47166508436203003,Q1
108,1,1,0.994540274143219,0.989080548286438,Q4
109,1,0,0.38658079504966736,0.22683840990066528,Q1
110,1,0,0.263769268989563,0.472461462020874,Q1
111,1,1,0.9949236512184143,0.9898473024368286,Q4
112,1,1,0.9943804144859314,0.9887608289718628,Q4
113,1,1,0.9944353103637695,0.9888706207275391,Q4
114,1,0,0.17398612201213837,0.6520277261734009,Q1
115,1,0,0.24510394036769867,0.5097920894622803,Q1
116,1,1,0.9910573959350586,0.9821147918701172,Q3
117,1,1,0.9680048227310181,0.9360096454620361,Q2
118,1,1,0.8624734282493591,0.7249468564987183,Q1
119,1,1,0.9920478463172913,0.9840956926345825,Q4
120,1,1,0.9948471784591675,0.989694356918335,Q4
121,1,1,0.892389178276062,0.784778356552124,Q2
122,1,1,0.9950242638587952,0.9900485277175903,Q4
123,1,1,0.9381090998649597,0.8762181997299194,Q2
124,1,1,0.8265252709388733,0.6530505418777466,Q1
125,1,1,0.994897186756134,0.9897943735122681,Q4
126,1,1,0.986748993396759,0.9734979867935181,Q3
127,1,1,0.9580334424972534,0.9160668849945068,Q2
128,1,1,0.6225480437278748,0.2450960874557495,Q1
129,1,1,0.9938644766807556,0.9877289533615112,Q4
130,1,1,0.6842043995857239,0.36840879917144775,Q1
131,1,1,0.7650891542434692,0.5301783084869385,Q1
132,1,1,0.994712233543396,0.989424467086792,Q4
133,1,1,0.9949404001235962,0.9898808002471924,Q4
134,1,0,0.07146561145782471,0.8570687770843506,Q2
135,1,1,0.780919075012207,0.5618381500244141,Q1
136,1,1,0.6480064392089844,0.29601287841796875,Q1
137,1,1,0.8159024715423584,0.6318049430847168,Q1
138,1,1,0.7581982016563416,0.5163964033126831,Q1
139,1,1,0.5598758459091187,0.1197516918182373,Q1
140,1,1,0.7707352042198181,0.5414704084396362,Q1
141,1,0,0.4460083544254303,0.1079832911491394,Q1
142,1,0,0.1408284455537796,0.7183431386947632,Q1
143,1,1,0.9921626448631287,0.9843252897262573,Q4
144,1,1,0.9944678544998169,0.9889357089996338,Q4
145,1,1,0.9944684505462646,0.9889369010925293,Q4
146,1,1,0.9058959484100342,0.8117918968200684,Q2
147,1,1,0.9946067929267883,0.9892135858535767,Q4
148,1,1,0.9145192503929138,0.8290385007858276,Q2
149,1,1,0.9944610595703125,0.988922119140625,Q4
150,1,1,0.9947189092636108,0.9894378185272217,Q4
151,1,1,0.9385459423065186,0.8770918846130371,Q2
152,1,1,0.9215890765190125,0.8431781530380249,Q2
153,1,1,0.993627667427063,0.987255334854126,Q4
154,1,1,0.94075608253479,0.8815121650695801,Q2
155,1,1,0.9947282671928406,0.9894565343856812,Q4
156,1,1,0.9908410310745239,0.9816820621490479,Q3
157,1,1,0.9511695504188538,0.9023391008377075,Q2
158,1,0,0.34018898010253906,0.3196220397949219,Q1
159,1,1,0.9941582679748535,0.988316535949707,Q4
160,1,0,0.018967557698488235,0.9620648622512817,Q3
161,1,1,0.9948927164077759,0.9897854328155518,Q4
162,1,1,0.9894710779190063,0.9789421558380127,Q3
163,1,0,0.02919331006705761,0.9416133761405945,Q2
164,1,1,0.9845749139785767,0.9691498279571533,Q3
165,1,1,0.9943556785583496,0.9887113571166992,Q4
166,1,1,0.9946224689483643,0.9892449378967285,Q4
167,1,0,0.3858617842197418,0.22827643156051636,Q1
168,1,1,0.919277012348175,0.8385540246963501,Q2
169,1,1,0.9945960640907288,0.9891921281814575,Q4
170,1,1,0.994437575340271,0.988875150680542,Q4
171,1,1,0.9609817862510681,0.9219635725021362,Q2
172,1,1,0.9928723573684692,0.9857447147369385,Q4
173,1,1,0.994707465171814,0.9894149303436279,Q4
174,1,1,0.9949595928192139,0.9899191856384277,Q4
175,1,1,0.9945565462112427,0.9891130924224854,Q4
176,1,1,0.9948722720146179,0.9897445440292358,Q4
177,1,1,0.9946311712265015,0.9892623424530029,Q4
178,1,0,0.06012525036931038,0.8797494769096375,Q2
179,1,1,0.8212599158287048,0.6425198316574097,Q1
180,1,1,0.9946243166923523,0.9892486333847046,Q4
181,1,1,0.9948168396949768,0.9896336793899536,Q4
182,1,1,0.6897392868995667,0.3794785737991333,Q1
183,1,1,0.9943295121192932,0.9886590242385864,Q4
184,1,1,0.9948574304580688,0.9897148609161377,Q4
185,1,1,0.9946969747543335,0.989393949508667,Q4
186,1,1,0.9878990054130554,0.9757980108261108,Q3
187,1,1,0.9949095845222473,0.9898191690444946,Q4
188,1,1,0.6866146326065063,0.3732292652130127,Q1
189,1,1,0.9942874312400818,0.9885748624801636,Q4
190,1,1,0.5296177268028259,0.059235453605651855,Q1
191,1,1,0.9948189854621887,0.9896379709243774,Q4
192,1,1,0.99480140209198,0.98960280418396,Q4
193,1,1,0.7001981735229492,0.40039634704589844,Q1
194,1,1,0.994067907333374,0.988135814666748,Q4
195,1,0,0.12601080536842346,0.7479783892631531,Q2
196,1,1,0.994378387928009,0.9887567758560181,Q4
197,1,1,0.993948221206665,0.9878964424133301,Q4
198,1,0,0.22714535892009735,0.5457092523574829,Q1
199,1,1,0.7938098907470703,0.5876197814941406,Q1
200,1,0,0.428499311208725,0.14300137758255005,Q1
201,1,0,0.053397953510284424,0.8932040929794312,Q2
202,1,1,0.993010938167572,0.986021876335144,Q4
203,1,1,0.9948280453681946,0.9896560907363892,Q4
204,1,0,0.2521172761917114,0.49576544761657715,Q1
205,1,1,0.8552441000938416,0.7104882001876831,Q1
206,1,1,0.9945414662361145,0.989082932472229,Q4
207,1,1,0.9930474162101746,0.9860948324203491,Q4
208,1,1,0.9942803382873535,0.988560676574707,Q4
209,1,1,0.9258119463920593,0.8516238927841187,Q2
210,1,1,0.9947192668914795,0.989438533782959,Q4
211,1,0,0.01674785278737545,0.9665042757987976,Q3
212,1,1,0.9948800802230835,0.989760160446167,Q4
213,1,1,0.9417176246643066,0.8834352493286133,Q2
214,1,1,0.6668325662612915,0.333665132522583,Q1
215,1,0,0.03211475536227226,0.9357705116271973,Q2
216,1,1,0.9947498440742493,0.9894996881484985,Q4
217,1,1,0.9940093755722046,0.9880187511444092,Q4
218,1,1,0.9788647890090942,0.9577295780181885,Q3
219,1,1,0.9945492148399353,0.9890984296798706,Q4
220,1,1,0.8234872817993164,0.6469745635986328,Q1
221,1,1,0.9946765899658203,0.9893531799316406,Q4
222,1,1,0.994413435459137,0.9888268709182739,Q4
223,1,1,0.9948904514312744,0.9897809028625488,Q4
224,1,0,0.0873536542057991,0.825292706489563,Q2
225,1,1,0.994368851184845,0.9887377023696899,Q4
226,1,1,0.9941604733467102,0.9883209466934204,Q4
227,1,1,0.9881426692008972,0.9762853384017944,Q3
228,1,1,0.952544629573822,0.905089259147644,Q2
229,1,1,0.548859715461731,0.09771943092346191,Q1
230,1,0,0.12952697277069092,0.7409460544586182,Q2
231,1,1,0.9924680590629578,0.9849361181259155,Q4
232,1,1,0.7731274962425232,0.5462549924850464,Q1
233,1,0,0.17038051784038544,0.6592389345169067,Q1
234,1,1,0.9945700764656067,0.9891401529312134,Q4
235,1,1,0.9922512173652649,0.9845024347305298,Q4
236,1,1,0.9943761825561523,0.9887523651123047,Q4
237,1,1,0.9920571446418762,0.9841142892837524,Q4
238,1,1,0.9942991733551025,0.9885983467102051,Q4
239,1,0,0.13259127736091614,0.7348174452781677,Q2
240,1,1,0.9942345023155212,0.9884690046310425,Q4
241,1,1,0.9933649301528931,0.9867298603057861,Q4
242,1,1,0.5464200973510742,0.09284019470214844,Q1
243,1,0,0.49104025959968567,0.017919480800628662,Q1
244,1,1,0.9183103442192078,0.8366206884384155,Q2
245,1,1,0.923859179019928,0.847718358039856,Q2
246,1,1,0.9896871447563171,0.9793742895126343,Q3
247,1,1,0.9942430853843689,0.9884861707687378,Q4
248,1,1,0.9856054186820984,0.9712108373641968,Q3
249,1,1,0.9937182664871216,0.9874365329742432,Q4
250,1,1,0.9940898418426514,0.9881796836853027,Q4
251,1,1,0.9932854175567627,0.9865708351135254,Q4
252,1,1,0.9914321899414062,0.9828643798828125,Q3
253,1,1,0.7522505521774292,0.5045011043548584,Q1
254,1,1,0.7116008996963501,0.4232017993927002,Q1
255,1,1,0.9858335852622986,0.9716671705245972,Q3
256,1,1,0.9950130581855774,0.9900261163711548,Q4
257,1,0,0.3595082461833954,0.28098350763320923,Q1
258,1,1,0.9938401579856873,0.9876803159713745,Q4
259,1,0,0.24390004575252533,0.512199878692627,Q1
260,1,0,0.24334025382995605,0.5133194923400879,Q1
261,1,1,0.994199275970459,0.988398551940918,Q4
262,1,1,0.9950157999992371,0.9900315999984741,Q4
263,1,1,0.9285498857498169,0.8570997714996338,Q2
264,1,1,0.9940145611763,0.9880291223526001,Q4
265,1,1,0.9948334693908691,0.9896669387817383,Q4
266,1,1,0.9948362112045288,0.9896724224090576,Q4
267,1,1,0.9948651194572449,0.9897302389144897,Q4
268,1,1,0.9939935803413391,0.9879871606826782,Q4
269,1,1,0.9914606809616089,0.9829213619232178,Q3
270,1,1,0.9948215484619141,0.9896430969238281,Q4
271,1,0,0.37103986740112305,0.2579202651977539,Q1
272,1,1,0.8916008472442627,0.7832016944885254,Q2
273,1,1,0.9908125996589661,0.9816251993179321,Q3
274,1,1,0.9941600561141968,0.9883201122283936,Q4
275,1,1,0.9002112746238708,0.8004225492477417,Q2
276,1,1,0.9947038292884827,0.9894076585769653,Q4
277,1,1,0.9946603178977966,0.9893206357955933,Q4
278,1,0,0.044243212789297104,0.9115135669708252,Q2
279,1,1,0.9443627595901489,0.8887255191802979,Q2
280,1,1,0.9941008687019348,0.9882017374038696,Q4
281,1,1,0.9947197437286377,0.9894394874572754,Q4
282,1,0,0.09384625405073166,0.8123074769973755,Q2
283,1,1,0.9943881630897522,0.9887763261795044,Q4
284,1,1,0.994387149810791,0.988774299621582,Q4
285,1,0,0.3235979378223419,0.35280412435531616,Q1
286,1,1,0.9943296313285828,0.9886592626571655,Q4
287,1,1,0.9917657971382141,0.9835315942764282,Q3
288,1,1,0.8951140642166138,0.7902281284332275,Q2
289,1,1,0.9939723610877991,0.9879447221755981,Q4
290,1,1,0.9943438768386841,0.9886877536773682,Q4
291,1,1,0.5507185459136963,0.10143709182739258,Q1
292,1,1,0.9946125745773315,0.9892251491546631,Q4
293,1,1,0.696334958076477,0.3926699161529541,Q1
294,1,1,0.9938017725944519,0.9876035451889038,Q4
295,1,1,0.9942786693572998,0.9885573387145996,Q4
296,1,1,0.9947932362556458,0.9895864725112915,Q4
297,1,1,0.8386123776435852,0.6772247552871704,Q1
298,1,0,0.10711010545492172,0.7857797741889954,Q2
299,1,0,0.2299419343471527,0.5401161313056946,Q1
300,1,1,0.9665846228599548,0.9331692457199097,Q2
301,1,1,0.9932976365089417,0.9865952730178833,Q4
302,1,1,0.8686181902885437,0.7372363805770874,Q2
303,1,1,0.9946606755256653,0.9893213510513306,Q4
304,1,1,0.7769531607627869,0.5539063215255737,Q1
305,1,1,0.9218987822532654,0.8437975645065308,Q2
306,1,1,0.9949541687965393,0.9899083375930786,Q4
307,1,1,0.9945511221885681,0.9891022443771362,Q4
308,1,1,0.9945430755615234,0.9890861511230469,Q4
309,1,1,0.9935932755470276,0.9871865510940552,Q4
310,1,1,0.9936062097549438,0.9872124195098877,Q4
311,1,1,0.9948046803474426,0.9896093606948853,Q4
312,1,1,0.9250565767288208,0.8501131534576416,Q2
313,1,1,0.9947338104248047,0.9894676208496094,Q4
314,1,1,0.9946520328521729,0.9893040657043457,Q4
315,1,0,0.3256914019584656,0.34861719608306885,Q1
316,1,0,0.45616576075553894,0.08766847848892212,Q1
317,1,1,0.9948745369911194,0.9897490739822388,Q4
318,1,1,0.9937722086906433,0.9875444173812866,Q4
319,1,0,0.040278784930706024,0.9194424152374268,Q2
320,1,1,0.9942029118537903,0.9884058237075806,Q4
321,1,1,0.9949485063552856,0.9898970127105713,Q4
322,1,1,0.9941809773445129,0.9883619546890259,Q4
323,1,1,0.97388756275177,0.94777512550354,Q3
324,1,1,0.9947186708450317,0.9894373416900635,Q4
325,1,1,0.9946133494377136,0.9892266988754272,Q4
326,1,1,0.9238829016685486,0.8477658033370972,Q2
327,1,1,0.9207441210746765,0.841488242149353,Q2
328,1,1,0.6823135018348694,0.36462700366973877,Q1
329,1,0,0.2831226885318756,0.4337546229362488,Q1
330,1,1,0.9941492080688477,0.9882984161376953,Q4
331,1,1,0.6748413443565369,0.34968268871307373,Q1
332,1,1,0.9928964972496033,0.9857929944992065,Q4
333,1,1,0.9938642978668213,0.9877285957336426,Q4
334,1,1,0.994403600692749,0.988807201385498,Q4
335,1,1,0.9410746693611145,0.882149338722229,Q2
336,1,0,0.10129627585411072,0.7974074482917786,Q2
337,1,1,0.8707810044288635,0.741562008857727,Q2
338,1,1,0.9948431253433228,0.9896862506866455,Q4
339,1,1,0.9946650266647339,0.9893300533294678,Q4
340,1,1,0.9938703775405884,0.9877407550811768,Q4
341,1,1,0.9948087930679321,0.9896175861358643,Q4
342,1,1,0.9947983026504517,0.9895966053009033,Q4
343,1,1,0.9926639795303345,0.985327959060669,Q4
344,1,1,0.9065111875534058,0.8130223751068115,Q2
345,1,1,0.9914277791976929,0.9828555583953857,Q3
346,1,1,0.9920055270195007,0.9840110540390015,Q4
347,1,1,0.9946897029876709,0.9893794059753418,Q4
348,1,1,0.7789905667304993,0.5579811334609985,Q1
349,1,1,0.991972804069519,0.9839456081390381,Q3
350,1,1,0.9948022365570068,0.9896044731140137,Q4
351,1,1,0.8819986581802368,0.7639973163604736,Q2
352,1,0,0.4378822445869446,0.12423551082611084,Q1
353,1,1,0.8344733119010925,0.6689466238021851,Q1
354,1,1,0.9944038391113281,0.9888076782226562,Q4
355,1,1,0.9500521421432495,0.900104284286499,Q2
356,1,1,0.9681286215782166,0.9362572431564331,Q2
357,1,1,0.9946818947792053,0.9893637895584106,Q4
358,1,1,0.9925504922866821,0.9851009845733643,Q4
359,1,1,0.994875967502594,0.989751935005188,Q4
360,1,1,0.9947112798690796,0.9894225597381592,Q4
361,1,0,0.25759395956993103,0.48481208086013794,Q1
362,1,1,0.5455843210220337,0.09116864204406738,Q1
363,1,1,0.9931290149688721,0.9862580299377441,Q4
364,1,1,0.6314736008644104,0.2629472017288208,Q1
365,1,0,0.26507484912872314,0.4698503017425537,Q1
366,1,1,0.9521113038063049,0.9042226076126099,Q2
367,1,1,0.9947496056556702,0.9894992113113403,Q4
368,1,1,0.9947887659072876,0.9895775318145752,Q4
369,1,1,0.852226972579956,0.7044539451599121,Q1
370,1,0,0.3454635441303253,0.30907291173934937,Q1
371,1,1,0.9067613482475281,0.8135226964950562,Q2
372,1,1,0.7490675449371338,0.4981350898742676,Q1
373,1,1,0.989582896232605,0.97916579246521,Q3
374,1,1,0.9275828003883362,0.8551656007766724,Q2
375,1,1,0.9935945868492126,0.9871891736984253,Q4
376,1,1,0.9941017031669617,0.9882034063339233,Q4
377,1,1,0.9922305941581726,0.9844611883163452,Q4
378,1,1,0.9942183494567871,0.9884366989135742,Q4
379,1,1,0.9948452711105347,0.9896905422210693,Q4
380,1,0,0.15114158391952515,0.6977168321609497,Q1
381,1,1,0.9947827458381653,0.9895654916763306,Q4
382,1,1,0.9840291142463684,0.9680582284927368,Q3
383,1,1,0.9945586323738098,0.9891172647476196,Q4
384,1,1,0.9914759397506714,0.9829518795013428,Q3
385,1,1,0.9947469830513,0.9894939661026001,Q4
386,1,1,0.96377032995224,0.92754065990448,Q2
387,1,1,0.9230358600616455,0.846071720123291,Q2
388,1,1,0.9482826590538025,0.896565318107605,Q2
389,1,0,0.4479958415031433,0.10400831699371338,Q1
390,1,1,0.9948069453239441,0.9896138906478882,Q4
391,1,1,0.994163453578949,0.988326907157898,Q4
392,1,1,0.9948756098747253,0.9897512197494507,Q4
393,1,1,0.9933473467826843,0.9866946935653687,Q4
394,1,1,0.994772732257843,0.989545464515686,Q4
395,1,1,0.6253121495246887,0.25062429904937744,Q1
396,1,1,0.9859364032745361,0.9718728065490723,Q3
397,1,1,0.9948371648788452,0.9896743297576904,Q4
398,1,1,0.975380539894104,0.950761079788208,Q3
399,1,0,0.15965142846107483,0.6806971430778503,Q1
400,1,1,0.9540345072746277,0.9080690145492554,Q2
401,1,1,0.9943476319313049,0.9886952638626099,Q4
402,1,1,0.9939206838607788,0.9878413677215576,Q4
403,1,1,0.9947484135627747,0.9894968271255493,Q4
404,1,1,0.9322313070297241,0.8644626140594482,Q2
405,1,1,0.9948750138282776,0.9897500276565552,Q4
406,1,1,0.9032770991325378,0.8065541982650757,Q2
407,1,1,0.9942771792411804,0.9885543584823608,Q4
408,1,1,0.9946624636650085,0.9893249273300171,Q4
409,1,1,0.994607150554657,0.989214301109314,Q4
410,1,1,0.9939584732055664,0.9879169464111328,Q4
411,1,1,0.9947943091392517,0.9895886182785034,Q4
412,1,1,0.9943625926971436,0.9887251853942871,Q4
413,1,1,0.993687093257904,0.9873741865158081,Q4
414,1,1,0.6040455102920532,0.20809102058410645,Q1
415,1,1,0.9937040209770203,0.9874080419540405,Q4
416,1,1,0.9940603375434875,0.9881206750869751,Q4
417,1,0,0.29975154995918274,0.4004969000816345,Q1
418,1,1,0.9934031367301941,0.9868062734603882,Q4
419,1,1,0.9586418271064758,0.9172836542129517,Q2
420,1,1,0.994314968585968,0.988629937171936,Q4
421,1,1,0.527635395526886,0.05527079105377197,Q1
422,1,1,0.6573078632354736,0.31461572647094727,Q1
423,1,0,0.3665105700492859,0.2669788599014282,Q1
424,1,0,0.23094016313552856,0.5381196737289429,Q1
425,1,0,0.278795063495636,0.442409873008728,Q1
426,1,1,0.7289496064186096,0.45789921283721924,Q1
427,1,0,0.10335595905780792,0.7932881116867065,Q2
428,1,1,0.9935634136199951,0.9871268272399902,Q4
429,1,1,0.9943476319313049,0.9886952638626099,Q4
430,1,1,0.9518323540687561,0.9036647081375122,Q2
431,1,1,0.5127462148666382,0.025492429733276367,Q1
432,1,1,0.960529625415802,0.921059250831604,Q2
433,1,0,0.4028629958629608,0.19427400827407837,Q1
434,1,1,0.9947611689567566,0.9895223379135132,Q4
435,1,1,0.9945882558822632,0.9891765117645264,Q4
436,1,1,0.9946685433387756,0.9893370866775513,Q4
437,1,1,0.9947664737701416,0.9895329475402832,Q4
438,1,1,0.9937586784362793,0.9875173568725586,Q4
439,1,1,0.9937275648117065,0.9874551296234131,Q4
440,1,1,0.9795705080032349,0.9591410160064697,Q3
441,1,1,0.9948964715003967,0.9897929430007935,Q4
442,1,1,0.9949533343315125,0.9899066686630249,Q4
443,1,1,0.994062602519989,0.988125205039978,Q4
444,1,1,0.9942684173583984,0.9885368347167969,Q4
445,1,1,0.8181781768798828,0.6363563537597656,Q1
446,1,1,0.9933452606201172,0.9866905212402344,Q4
447,1,1,0.9922189712524414,0.9844379425048828,Q4
448,1,0,0.13218523561954498,0.7356295585632324,Q2
449,1,1,0.9938991069793701,0.9877982139587402,Q4
450,1,1,0.9886599779129028,0.9773199558258057,Q3
451,1,1,0.9919819235801697,0.9839638471603394,Q3
452,1,1,0.9819149971008301,0.9638299942016602,Q3
453,1,0,0.17566415667533875,0.6486716866493225,Q1
454,1,0,0.025180982425808907,0.9496380090713501,Q3
455,1,1,0.994454562664032,0.988909125328064,Q4
456,1,1,0.9934006929397583,0.9868013858795166,Q4
457,1,1,0.8823831081390381,0.7647662162780762,Q2
458,1,1,0.9946300983428955,0.989260196685791,Q4
459,1,1,0.9945675134658813,0.9891350269317627,Q4
460,1,1,0.9947274327278137,0.9894548654556274,Q4
461,1,1,0.9918740391731262,0.9837480783462524,Q3
462,1,1,0.9949566721916199,0.9899133443832397,Q4
463,1,1,0.9937817454338074,0.9875634908676147,Q4
464,1,1,0.9946647882461548,0.9893295764923096,Q4
465,1,1,0.9942665696144104,0.9885331392288208,Q4
466,1,1,0.9945806860923767,0.9891613721847534,Q4
467,1,1,0.99458909034729,0.9891781806945801,Q4
468,1,0,0.18395325541496277,0.6320934891700745,Q1
469,1,0,0.2662750780582428,0.4674498438835144,Q1
470,1,1,0.9948232173919678,0.9896464347839355,Q4
471,1,1,0.9940695762634277,0.9881391525268555,Q4
472,1,0,0.3792819380760193,0.24143612384796143,Q1
473,1,1,0.9091845750808716,0.8183691501617432,Q2
474,1,1,0.8590147495269775,0.7180294990539551,Q1
475,1,1,0.8351582884788513,0.6703165769577026,Q1
476,1,1,0.994835615158081,0.9896712303161621,Q4
477,1,1,0.7254977226257324,0.45099544525146484,Q1
478,1,1,0.9945400357246399,0.9890800714492798,Q4
479,1,1,0.9948011636734009,0.9896023273468018,Q4
480,1,1,0.9902952909469604,0.9805905818939209,Q3
481,1,0,0.03879346325993538,0.9224130511283875,Q2
482,1,1,0.994756817817688,0.989513635635376,Q4
483,1,1,0.9942018389701843,0.9884036779403687,Q4
484,1,1,0.9949374198913574,0.9898748397827148,Q4
485,1,0,0.1786668300628662,0.6426663398742676,Q1
486,1,1,0.9945343732833862,0.9890687465667725,Q4
487,1,1,0.9893826246261597,0.9787652492523193,Q3
488,1,1,0.9945454597473145,0.9890909194946289,Q4
489,1,1,0.9945684671401978,0.9891369342803955,Q4
490,1,0,0.3299732804298401,0.3400534391403198,Q1
491,1,0,0.49293026328086853,0.01413947343826294,Q1
492,1,1,0.9170198440551758,0.8340396881103516,Q2
493,1,0,0.39775699377059937,0.20448601245880127,Q1
494,1,1,0.8549216389656067,0.7098432779312134,Q1
495,1,1,0.9328872561454773,0.8657745122909546,Q2
496,1,1,0.9946827292442322,0.9893654584884644,Q4
497,1,1,0.9929420948028564,0.9858841896057129,Q4
498,1,1,0.9942628741264343,0.9885257482528687,Q4
499,1,1,0.9945472478866577,0.9890944957733154,Q4
500,1,1,0.9943410158157349,0.9886820316314697,Q4
501,1,1,0.8498289585113525,0.6996579170227051,Q1
502,1,1,0.9949912428855896,0.9899824857711792,Q4
503,1,0,0.474498987197876,0.05100202560424805,Q1
504,1,0,0.49952128529548645,0.0009574294090270996,Q1
505,1,1,0.9933589100837708,0.9867178201675415,Q4
506,1,1,0.9946234226226807,0.9892468452453613,Q4
507,1,1,0.9948486089706421,0.9896972179412842,Q4
508,1,1,0.9095632433891296,0.8191264867782593,Q2
509,1,1,0.9656884074211121,0.9313768148422241,Q2
510,1,1,0.920142412185669,0.8402848243713379,Q2
511,1,1,0.9948660135269165,0.989732027053833,Q4
512,1,1,0.9941459894180298,0.9882919788360596,Q4
513,1,1,0.9947949051856995,0.9895898103713989,Q4
514,1,1,0.9919812679290771,0.9839625358581543,Q3
515,1,1,0.9937025308609009,0.9874050617218018,Q4
516,1,0,0.34506940841674805,0.3098611831665039,Q1
517,1,1,0.9945148229598999,0.9890296459197998,Q4
518,1,1,0.9077016115188599,0.8154032230377197,Q2
519,1,1,0.9347552061080933,0.8695104122161865,Q2
520,1,1,0.638629674911499,0.27725934982299805,Q1
521,1,0,0.46937134861946106,0.06125730276107788,Q1
522,1,0,0.19574198126792908,0.6085160374641418,Q1
523,1,1,0.9947354197502136,0.9894708395004272,Q4
524,1,1,0.9421679377555847,0.8843358755111694,Q2
525,1,1,0.9320917129516602,0.8641834259033203,Q2
526,1,1,0.9946459531784058,0.9892919063568115,Q4
527,1,1,0.9948167204856873,0.9896334409713745,Q4
528,1,1,0.9944329857826233,0.9888659715652466,Q4
529,1,1,0.9947127103805542,0.9894254207611084,Q4
530,1,1,0.7527048587799072,0.5054097175598145,Q1
531,1,1,0.994786262512207,0.9895725250244141,Q4
532,1,1,0.9946655035018921,0.9893310070037842,Q4
533,1,1,0.9918940663337708,0.9837881326675415,Q3
534,1,1,0.9382184147834778,0.8764368295669556,Q2
535,1,0,0.08393342047929764,0.8321331739425659,Q2
536,1,1,0.9948063492774963,0.9896126985549927,Q4
537,1,1,0.9948301911354065,0.989660382270813,Q4
538,1,0,0.06089606508612633,0.8782078623771667,Q2
539,1,1,0.9944907426834106,0.9889814853668213,Q4
540,1,1,0.9946691393852234,0.9893382787704468,Q4
541,1,1,0.9945483803749084,0.9890967607498169,Q4
542,1,1,0.9489880204200745,0.8979760408401489,Q2
543,1,1,0.9940468072891235,0.9880936145782471,Q4
544,1,1,0.9948546886444092,0.9897093772888184,Q4
545,1,1,0.9947728514671326,0.9895457029342651,Q4
546,1,1,0.9177059531211853,0.8354119062423706,Q2
547,1,1,0.994823694229126,0.989647388458252,Q4
548,1,1,0.9949173927307129,0.9898347854614258,Q4
549,1,1,0.9949230551719666,0.9898461103439331,Q4
550,1,1,0.9940598011016846,0.9881196022033691,Q4
551,1,1,0.8329200148582458,0.6658400297164917,Q1
552,1,1,0.9946894645690918,0.9893789291381836,Q4
553,1,1,0.9929023385047913,0.9858046770095825,Q4
554,1,1,0.9935486912727356,0.9870973825454712,Q4
555,1,1,0.9388983249664307,0.8777966499328613,Q2
556,1,1,0.8665288686752319,0.7330577373504639,Q2
557,1,1,0.9947971701622009,0.9895943403244019,Q4
558,1,1,0.9945487380027771,0.9890974760055542,Q4
559,1,1,0.9947769641876221,0.9895539283752441,Q4
560,1,1,0.7668169140815735,0.533633828163147,Q1
561,1,1,0.9945030212402344,0.9890060424804688,Q4
562,1,0,0.4492219388484955,0.10155612230300903,Q1
563,1,1,0.9948462247848511,0.9896924495697021,Q4
564,1,1,0.5282931923866272,0.056586384773254395,Q1
565,1,1,0.678239107131958,0.356478214263916,Q1
566,1,1,0.9942215085029602,0.9884430170059204,Q4
567,1,1,0.7432970404624939,0.4865940809249878,Q1
568,1,1,0.993314802646637,0.9866296052932739,Q4
569,1,1,0.9941748976707458,0.9883497953414917,Q4
570,1,1,0.8639644384384155,0.727928876876831,Q1
571,1,1,0.9745665788650513,0.9491331577301025,Q3
572,1,1,0.6193668246269226,0.23873364925384521,Q1
573,1,1,0.9947212934494019,0.9894425868988037,Q4
574,1,1,0.9946427345275879,0.9892854690551758,Q4
575,1,1,0.9922069907188416,0.9844139814376831,Q4
576,1,1,0.9948965907096863,0.9897931814193726,Q4
577,1,1,0.5207958221435547,0.041591644287109375,Q1
578,1,1,0.9765998721122742,0.9531997442245483,Q3
579,1,1,0.994734525680542,0.989469051361084,Q4
580,1,0,0.07594286650419235,0.8481142520904541,Q2
581,1,1,0.8575862646102905,0.715172529220581,Q1
582,1,1,0.9096715450286865,0.819343090057373,Q2
583,1,1,0.7566562294960022,0.5133124589920044,Q1
584,1,1,0.9477436542510986,0.8954873085021973,Q2
585,1,1,0.9948804378509521,0.9897608757019043,Q4
586,1,1,0.8207502365112305,0.6415004730224609,Q1
587,1,1,0.724608302116394,0.4492166042327881,Q1
588,1,1,0.9948956370353699,0.9897912740707397,Q4
589,1,1,0.9925835132598877,0.9851670265197754,Q4
590,1,1,0.9948093891143799,0.9896187782287598,Q4
591,1,1,0.994885265827179,0.9897705316543579,Q4
592,1,1,0.9948217868804932,0.9896435737609863,Q4
593,1,1,0.9941291809082031,0.9882583618164062,Q4
594,1,1,0.9551368951797485,0.9102737903594971,Q2
595,1,1,0.993943989276886,0.987887978553772,Q4
596,1,0,0.4800204336643219,0.0399591326713562,Q1
597,1,1,0.9760545492172241,0.9521090984344482,Q3
598,1,1,0.9204387068748474,0.8408774137496948,Q2
599,1,1,0.9521802663803101,0.9043605327606201,Q2
600,1,1,0.9947053790092468,0.9894107580184937,Q4
601,1,1,0.9948107004165649,0.9896214008331299,Q4
602,1,1,0.5269824862480164,0.053964972496032715,Q1
603,1,1,0.7988802790641785,0.5977605581283569,Q1
604,1,1,0.9914105534553528,0.9828211069107056,Q3
605,1,1,0.5362659692764282,0.07253193855285645,Q1
606,1,1,0.993862509727478,0.987725019454956,Q4
607,1,1,0.9946611523628235,0.989322304725647,Q4
608,1,1,0.5226751565933228,0.04535031318664551,Q1
609,1,1,0.99396151304245,0.9879230260848999,Q4
610,1,1,0.9947698712348938,0.9895397424697876,Q4
611,1,1,0.9947867393493652,0.9895734786987305,Q4
612,1,1,0.994805634021759,0.9896112680435181,Q4
613,1,0,0.11872468888759613,0.7625505924224854,Q2
614,1,1,0.9911908507347107,0.9823817014694214,Q3
615,1,1,0.9946607947349548,0.9893215894699097,Q4
616,1,1,0.9914723038673401,0.9829446077346802,Q3
617,1,0,0.04437239468097687,0.9112552404403687,Q2
618,1,1,0.9940646290779114,0.9881292581558228,Q4
619,1,0,0.4911850690841675,0.01762986183166504,Q1
620,1,1,0.9946892261505127,0.9893784523010254,Q4
621,1,1,0.9145436882972717,0.8290873765945435,Q2
622,1,1,0.9941803216934204,0.9883606433868408,Q4
623,1,1,0.9875773191452026,0.9751546382904053,Q3
624,1,1,0.9895115494728088,0.9790230989456177,Q3
625,1,1,0.9945214986801147,0.9890429973602295,Q4
626,1,1,0.9947512745857239,0.9895025491714478,Q4
627,1,1,0.9945401549339294,0.9890803098678589,Q4
628,1,0,0.37890389561653137,0.24219220876693726,Q1
629,1,0,0.48207706212997437,0.03584587574005127,Q1
630,1,1,0.8031205534934998,0.6062411069869995,Q1
631,1,1,0.7045614123344421,0.4091228246688843,Q1
632,1,1,0.9947611689567566,0.9895223379135132,Q4
633,1,0,0.04119889438152313,0.9176021814346313,Q2
634,1,1,0.986713707447052,0.973427414894104,Q3
635,1,1,0.9948220252990723,0.9896440505981445,Q4
636,1,1,0.993837296962738,0.9876745939254761,Q4
637,1,1,0.9949237704277039,0.9898475408554077,Q4
638,1,1,0.9610262513160706,0.9220525026321411,Q2
639,1,1,0.9945676326751709,0.9891352653503418,Q4
640,1,1,0.9948931932449341,0.9897863864898682,Q4
641,1,1,0.8643297553062439,0.7286595106124878,Q2
642,1,1,0.6445924043655396,0.2891848087310791,Q1
643,1,1,0.9946833252906799,0.9893666505813599,Q4
644,1,1,0.9949302077293396,0.9898604154586792,Q4
645,1,1,0.9938913583755493,0.9877827167510986,Q4
646,1,1,0.936705470085144,0.8734109401702881,Q2
647,1,1,0.9947198629379272,0.9894397258758545,Q4
648,1,0,0.17257802188396454,0.6548439264297485,Q1
649,1,0,0.02688409574329853,0.9462317824363708,Q3
650,1,1,0.6267474889755249,0.2534949779510498,Q1
651,1,0,0.13472114503383636,0.7305576801300049,Q2
652,1,1,0.9942747950553894,0.9885495901107788,Q4
653,1,1,0.9813960194587708,0.9627920389175415,Q3
654,1,1,0.9948611855506897,0.9897223711013794,Q4
655,1,1,0.9949474334716797,0.9898948669433594,Q4
656,1,1,0.9923301339149475,0.984660267829895,Q4
657,1,1,0.9949663281440735,0.989932656288147,Q4
658,1,1,0.9944971203804016,0.9889942407608032,Q4
659,1,0,0.012995879165828228,0.9740082621574402,Q3
660,1,1,0.9948298335075378,0.9896596670150757,Q4
661,1,1,0.9947165846824646,0.9894331693649292,Q4
662,1,0,0.10554759949445724,0.7889047861099243,Q2
663,1,1,0.8748109936714172,0.7496219873428345,Q2
664,1,1,0.9935012459754944,0.9870024919509888,Q4
665,1,1,0.7853506207466125,0.5707012414932251,Q1
666,1,1,0.9944471120834351,0.9888942241668701,Q4
667,1,0,0.31397947669029236,0.3720410466194153,Q1
668,1,1,0.8689702749252319,0.7379405498504639,Q2
669,1,1,0.7622997164726257,0.5245994329452515,Q1
670,1,1,0.9947153925895691,0.9894307851791382,Q4
671,1,1,0.9910469651222229,0.9820939302444458,Q3
672,1,1,0.9945074915885925,0.9890149831771851,Q4
673,1,1,0.6657214164733887,0.33144283294677734,Q1
674,1,0,0.17770834267139435,0.6445833444595337,Q1
675,1,1,0.994807779788971,0.9896155595779419,Q4
676,1,1,0.9862637519836426,0.9725275039672852,Q3
677,1,1,0.9949244260787964,0.9898488521575928,Q4
678,1,1,0.9949474334716797,0.9898948669433594,Q4
679,1,1,0.9947774410247803,0.9895548820495605,Q4
680,1,1,0.6508910059928894,0.3017820119857788,Q1
681,1,0,0.10032730549573898,0.7993453741073608,Q2
682,1,1,0.9857228398323059,0.9714456796646118,Q3
683,1,1,0.9948694705963135,0.989738941192627,Q4
684,1,1,0.9948409199714661,0.9896818399429321,Q4
685,1,1,0.9916844367980957,0.9833688735961914,Q3
686,1,1,0.9943619966506958,0.9887239933013916,Q4
687,1,0,0.14971181750297546,0.7005763649940491,Q1
688,1,1,0.9592435359954834,0.9184870719909668,Q2
689,1,1,0.9949459433555603,0.9898918867111206,Q4
690,1,1,0.9943655729293823,0.9887311458587646,Q4
691,1,1,0.8056069612503052,0.6112139225006104,Q1
692,1,0,0.04522112011909485,0.9095577597618103,Q2
693,1,1,0.7521994113922119,0.5043988227844238,Q1
694,1,1,0.9943755865097046,0.9887511730194092,Q4
695,1,1,0.9473665952682495,0.894733190536499,Q2
696,1,1,0.556360125541687,0.11272025108337402,Q1
697,1,1,0.9014587998390198,0.8029175996780396,Q2
698,1,1,0.6845212578773499,0.3690425157546997,Q1
699,1,1,0.9948167204856873,0.9896334409713745,Q4
700,1,1,0.9938722848892212,0.9877445697784424,Q4
701,1,1,0.9944456815719604,0.9888913631439209,Q4
702,1,1,0.9949421286582947,0.9898842573165894,Q4
703,1,1,0.9947217702865601,0.9894435405731201,Q4
704,1,1,0.9836376905441284,0.9672753810882568,Q3
705,1,1,0.9941692352294922,0.9883384704589844,Q4
706,1,1,0.9265644550323486,0.8531289100646973,Q2
707,1,0,0.14034251868724823,0.7193149328231812,Q1
708,1,1,0.9948747754096985,0.989749550819397,Q4
709,1,0,0.4337143898010254,0.13257122039794922,Q1
710,1,1,0.6943715810775757,0.38874316215515137,Q1
711,1,0,0.3038392663002014,0.39232146739959717,Q1
712,1,1,0.8795231580734253,0.7590463161468506,Q2
713,1,1,0.9532281756401062,0.9064563512802124,Q2
714,1,1,0.9927727580070496,0.9855455160140991,Q4
715,1,1,0.9949418902397156,0.9898837804794312,Q4
716,1,1,0.9946277737617493,0.9892555475234985,Q4
717,1,1,0.9941396713256836,0.9882793426513672,Q4
718,1,0,0.3631886839866638,0.27362263202667236,Q1
719,1,1,0.9936860203742981,0.9873720407485962,Q4
720,1,1,0.9949650168418884,0.9899300336837769,Q4
721,1,1,0.9949415326118469,0.9898830652236938,Q4
722,1,0,0.3393588960170746,0.32128220796585083,Q1
723,1,0,0.24449042975902557,0.5110191106796265,Q1
724,1,1,0.994443953037262,0.9888879060745239,Q4
725,1,0,0.1699802577495575,0.660039484500885,Q1
726,1,1,0.994379460811615,0.98875892162323,Q4
727,1,1,0.9942157864570618,0.9884315729141235,Q4
728,1,0,0.3699326813220978,0.26013463735580444,Q1
729,1,1,0.6346677541732788,0.2693355083465576,Q1
730,1,1,0.8767107725143433,0.7534215450286865,Q2
731,1,1,0.5941794514656067,0.18835890293121338,Q1
732,1,1,0.7950887680053711,0.5901775360107422,Q1
733,1,1,0.9906718730926514,0.9813437461853027,Q3
734,1,1,0.9559040665626526,0.9118081331253052,Q2
735,1,1,0.9319702982902527,0.8639405965805054,Q2
736,1,1,0.889312744140625,0.77862548828125,Q2
737,1,1,0.9944078922271729,0.9888157844543457,Q4
738,1,1,0.9936211705207825,0.9872423410415649,Q4
739,1,1,0.9911699295043945,0.9823398590087891,Q3
740,1,1,0.9945043325424194,0.9890086650848389,Q4
741,1,1,0.9946271777153015,0.989254355430603,Q4
742,1,1,0.9949041604995728,0.9898083209991455,Q4
743,1,1,0.9947677850723267,0.9895355701446533,Q4
744,1,1,0.9945452213287354,0.9890904426574707,Q4
745,1,1,0.9946441650390625,0.989288330078125,Q4
746,1,1,0.849446177482605,0.69889235496521,Q1
747,1,1,0.817068338394165,0.6341366767883301,Q1
748,1,1,0.9949188828468323,0.9898377656936646,Q4
749,1,1,0.9941873550415039,0.9883747100830078,Q4
750,1,1,0.9941589832305908,0.9883179664611816,Q4
751,1,1,0.9352015256881714,0.8704030513763428,Q2
752,1,1,0.901382327079773,0.8027646541595459,Q2
753,1,1,0.9946866035461426,0.9893732070922852,Q4
754,1,1,0.9945236444473267,0.9890472888946533,Q4
755,1,1,0.9947404265403748,0.9894808530807495,Q4
756,1,1,0.9946852922439575,0.989370584487915,Q4
757,1,1,0.9894940257072449,0.9789880514144897,Q3
758,1,1,0.9860413670539856,0.9720827341079712,Q3
759,1,1,0.9946457147598267,0.9892914295196533,Q4
760,1,1,0.6618886590003967,0.32377731800079346,Q1
761,1,1,0.9948291182518005,0.9896582365036011,Q4
762,1,1,0.9941832423210144,0.9883664846420288,Q4
763,1,1,0.9372740983963013,0.8745481967926025,Q2
764,1,1,0.9837561845779419,0.9675123691558838,Q3
765,1,1,0.9948557615280151,0.9897115230560303,Q4
766,1,0,0.4612151086330414,0.07756978273391724,Q1
767,1,1,0.9274968504905701,0.8549937009811401,Q2
768,1,1,0.9821810722351074,0.9643621444702148,Q3
769,1,0,0.06212371215224266,0.8757525682449341,Q2
770,1,1,0.9948029518127441,0.9896059036254883,Q4
771,1,1,0.9947435855865479,0.9894871711730957,Q4
772,1,1,0.9949309229850769,0.9898618459701538,Q4
773,1,1,0.9940685033798218,0.9881370067596436,Q4
774,1,1,0.9937180280685425,0.987436056137085,Q4
775,1,0,0.3059600591659546,0.3880798816680908,Q1
776,1,1,0.9901242852210999,0.9802485704421997,Q3
777,1,0,0.18741731345653534,0.6251653432846069,Q1
778,1,1,0.9888678789138794,0.9777357578277588,Q3
779,1,1,0.9189310073852539,0.8378620147705078,Q2
780,1,1,0.9943769574165344,0.9887539148330688,Q4
781,1,1,0.8616883754730225,0.7233767509460449,Q1
782,1,0,0.43780872225761414,0.12438255548477173,Q1
783,1,1,0.9889538288116455,0.977907657623291,Q3
784,1,1,0.9570687413215637,0.9141374826431274,Q2
785,1,1,0.9941450953483582,0.9882901906967163,Q4
786,1,1,0.8253234028816223,0.6506468057632446,Q1
787,1,0,0.12436562031507492,0.751268744468689,Q2
788,1,1,0.994698166847229,0.989396333694458,Q4
789,1,1,0.9948134422302246,0.9896268844604492,Q4
790,1,1,0.6685987710952759,0.33719754219055176,Q1
791,1,1,0.992012083530426,0.984024167060852,Q4
792,0,0,0.06759992986917496,0.8648001551628113,Q2
793,0,0,0.017816752195358276,0.9643664956092834,Q3
794,0,0,0.020843559876084328,0.9583128690719604,Q3
795,0,0,0.010963299311697483,0.9780734181404114,Q3
796,0,0,0.17519059777259827,0.6496188044548035,Q1
797,0,0,0.03190801292657852,0.9361839890480042,Q2
798,0,0,0.10082492232322693,0.7983501553535461,Q2
799,0,0,0.1905944049358368,0.6188111901283264,Q1
800,0,0,0.0353630855679512,0.9292738437652588,Q2
801,0,0,0.01221496518701315,0.9755700826644897,Q3
802,0,1,0.5418121814727783,0.08362436294555664,Q1
803,0,0,0.016317762434482574,0.967364490032196,Q3
804,0,0,0.11633094400167465,0.7673380970954895,Q2
805,0,0,0.02754267305135727,0.9449146389961243,Q3
806,0,0,0.019765332341194153,0.9604693651199341,Q3
807,0,0,0.011986427940428257,0.9760271310806274,Q3
808,0,0,0.015138452872633934,0.969723105430603,Q3
809,0,0,0.02160339057445526,0.9567931890487671,Q3
810,0,1,0.9681162238121033,0.9362324476242065,Q2
811,0,0,0.2414681315422058,0.5170637369155884,Q1
812,0,0,0.011323006823658943,0.9773539900779724,Q3
813,0,0,0.062394410371780396,0.8752111792564392,Q2
814,0,0,0.014087383635342121,0.9718252420425415,Q3
815,0,0,0.04475449025630951,0.9104909896850586,Q2
816,0,0,0.19275638461112976,0.6144872307777405,Q1
817,0,0,0.012205120176076889,0.9755897521972656,Q3
818,0,0,0.31298109889030457,0.37403780221939087,Q1
819,0,1,0.9602628946304321,0.9205257892608643,Q2
820,0,0,0.011890554800629616,0.9762188792228699,Q3
821,0,0,0.021794961765408516,0.9564100503921509,Q3
822,0,0,0.01212263572961092,0.9757547378540039,Q3
823,0,0,0.06795592606067657,0.8640881776809692,Q2
824,0,0,0.13425518572330475,0.7314896583557129,Q2
825,0,0,0.10087291896343231,0.798254132270813,Q2
826,0,0,0.20523759722709656,0.5895248055458069,Q1
827,0,0,0.17497630417346954,0.6500474214553833,Q1
828,0,0,0.03532297536730766,0.9293540716171265,Q2
829,0,1,0.7867435812950134,0.5734871625900269,Q1
830,0,0,0.02596208266913891,0.9480758309364319,Q3
831,0,0,0.015468789264559746,0.9690624475479126,Q3
832,0,0,0.015527966432273388,0.9689440727233887,Q3
833,0,0,0.48595792055130005,0.028084158897399902,Q1
834,0,0,0.08136265724897385,0.8372746706008911,Q2
835,0,0,0.01565750315785408,0.96868497133255,Q3
836,0,0,0.18856431543827057,0.6228713989257812,Q1
837,0,0,0.01276442687958479,0.9744711518287659,Q3
838,0,0,0.042591243982315063,0.9148175120353699,Q2
839,0,0,0.016632456332445145,0.9667350649833679,Q3
840,0,0,0.014471764676272869,0.9710564613342285,Q3
841,0,0,0.47235992550849915,0.05528014898300171,Q1
842,0,0,0.0238548181951046,0.9522903561592102,Q3
843,0,0,0.03118463233113289,0.9376307129859924,Q2
844,0,1,0.5148480534553528,0.029696106910705566,Q1
845,0,0,0.020127061754465103,0.9597458839416504,Q3
846,0,0,0.010100369341671467,0.9797992706298828,Q3
847,0,0,0.16185429692268372,0.6762914061546326,Q1
848,0,0,0.018149293959140778,0.9637014269828796,Q3
849,0,0,0.01179511472582817,0.9764097929000854,Q3
850,0,0,0.04021501913666725,0.9195699691772461,Q2
851,0,0,0.02998405322432518,0.940031886100769,Q2
852,0,0,0.03759825602173805,0.9248034954071045,Q2
853,0,0,0.04747076332569122,0.9050585031509399,Q2
854,0,0,0.08146236091852188,0.8370752930641174,Q2
855,0,0,0.02010531723499298,0.9597893953323364,Q3
856,0,0,0.014340493828058243,0.9713190197944641,Q3
857,0,0,0.01991594024002552,0.9601681232452393,Q3
858,0,1,0.6292304396629333,0.2584608793258667,Q1
859,0,0,0.025932688266038895,0.9481346011161804,Q3
860,0,0,0.038845647126436234,0.9223086833953857,Q2
861,0,0,0.03296707570552826,0.9340658187866211,Q2
862,0,0,0.16763709485530853,0.6647257804870605,Q1
863,0,0,0.06934943050146103,0.8613011240959167,Q2
864,0,0,0.18379978835582733,0.632400393486023,Q1
865,0,0,0.01845591701567173,0.9630881547927856,Q3
866,0,0,0.02036486379802227,0.9592702984809875,Q3
867,0,0,0.01396168302744627,0.9720766544342041,Q3
868,0,0,0.040952350944280624,0.9180952906608582,Q2
869,0,0,0.014780107885599136,0.9704397916793823,Q3
870,0,0,0.1218227744102478,0.7563544511795044,Q2
871,0,0,0.19930753111839294,0.6013849377632141,Q1
872,0,0,0.013967106118798256,0.972065806388855,Q3
873,0,0,0.35329949855804443,0.29340100288391113,Q1
874,0,0,0.012980475090444088,0.9740390777587891,Q3
875,0,1,0.846484899520874,0.692969799041748,Q1
876,0,0,0.03530452772974968,0.9293909668922424,Q2
877,0,0,0.035367123782634735,0.9292657375335693,Q2
878,0,0,0.21911077201366425,0.5617784261703491,Q1
879,0,0,0.013584213331341743,0.9728315472602844,Q3
880,0,0,0.10321018099784851,0.793579638004303,Q2
881,0,0,0.014349354431033134,0.9713013172149658,Q3
882,0,0,0.022669509053230286,0.9546610116958618,Q3
883,0,0,0.17194734513759613,0.6561052799224854,Q1
884,0,0,0.012772095389664173,0.9744558334350586,Q3
885,0,0,0.16440628468990326,0.6711874008178711,Q1
886,0,0,0.030437268316745758,0.9391254782676697,Q2
887,0,0,0.010844770818948746,0.9783104658126831,Q3
888,0,0,0.017027271911501884,0.9659454822540283,Q3
889,0,0,0.010890481062233448,0.9782190322875977,Q3
890,0,0,0.18159343302249908,0.6368131637573242,Q1
891,0,0,0.025970030575990677,0.9480599164962769,Q3
892,0,0,0.21621768176555634,0.5675646066665649,Q1
893,0,0,0.299705445766449,0.40058910846710205,Q1
894,0,0,0.01934434473514557,0.9613113403320312,Q3
895,0,1,0.5127172470092773,0.025434494018554688,Q1
896,0,0,0.010909497737884521,0.978181004524231,Q3
897,0,0,0.1393655389547348,0.721268892288208,Q1
898,0,0,0.028034506365656853,0.943930983543396,Q3
899,0,0,0.014812939800322056,0.9703741073608398,Q3
900,0,0,0.010763323865830898,0.9784733653068542,Q3
901,0,0,0.053272269666194916,0.893455445766449,Q2
902,0,0,0.19827252626419067,0.6034549474716187,Q1
903,0,0,0.05640680715441704,0.8871864080429077,Q2
904,0,0,0.014488293789327145,0.971023440361023,Q3
905,0,0,0.020306894555687904,0.9593862295150757,Q3
906,0,0,0.06143402308225632,0.8771319389343262,Q2
907,0,0,0.02047242969274521,0.9590551257133484,Q3
908,0,0,0.014705678448081017,0.9705886244773865,Q3
909,0,0,0.354790598154068,0.290418803691864,Q1
910,0,0,0.013076906092464924,0.9738461971282959,Q3
911,0,0,0.01326446607708931,0.9734710454940796,Q3
912,0,0,0.05129459872841835,0.8974108099937439,Q2
913,0,0,0.11004918068647385,0.7799016237258911,Q2
914,0,0,0.37049630284309387,0.25900739431381226,Q1
915,0,0,0.016912264749407768,0.9661754965782166,Q3
916,0,0,0.07022964954376221,0.8595407009124756,Q2
917,0,0,0.01375542115420103,0.9724891781806946,Q3
918,0,0,0.01242609042674303,0.9751478433609009,Q3
919,0,0,0.3885725140571594,0.22285497188568115,Q1
920,0,1,0.6666219234466553,0.33324384689331055,Q1
921,0,0,0.043532904237508774,0.9129341840744019,Q2
922,0,0,0.04729728028178215,0.9054054617881775,Q2
923,0,0,0.013907864689826965,0.9721843004226685,Q3
924,0,0,0.01751796528697014,0.9649640917778015,Q3
925,0,0,0.14474685490131378,0.7105063199996948,Q1
926,0,0,0.029529036954045296,0.9409419298171997,Q2
927,0,0,0.017159780487418175,0.9656804203987122,Q3
928,0,0,0.014231768436729908,0.9715364575386047,Q3
929,0,0,0.09107603877782822,0.8178479075431824,Q2
930,0,0,0.015758993104100227,0.9684820175170898,Q3
931,0,0,0.02920975163578987,0.9415804743766785,Q2
932,0,0,0.01834886521100998,0.9633022546768188,Q3
933,0,0,0.14270064234733582,0.7145987153053284,Q1
934,0,0,0.042167697101831436,0.9156646132469177,Q2
935,0,0,0.1174742579460144,0.7650514841079712,Q2
936,0,0,0.012624342925846577,0.9747512936592102,Q3
937,0,0,0.028896119445562363,0.9422077536582947,Q2
938,0,0,0.019741255789995193,0.9605174660682678,Q3
939,0,0,0.4695563316345215,0.06088733673095703,Q1
940,0,0,0.2280697226524353,0.5438605546951294,Q1
941,0,0,0.027059564366936684,0.9458808898925781,Q3
942,0,0,0.14702585339546204,0.7059482932090759,Q1
943,0,1,0.6567443013191223,0.31348860263824463,Q1
944,0,0,0.013342197984457016,0.9733155965805054,Q3
945,0,0,0.16101722419261932,0.677965521812439,Q1
946,0,0,0.03207027167081833,0.9358594417572021,Q2
947,0,0,0.013130461797118187,0.9737390875816345,Q3
948,0,0,0.4824772775173187,0.03504544496536255,Q1
949,0,0,0.32143959403038025,0.3571208119392395,Q1
950,0,0,0.21689338982105255,0.5662132501602173,Q1
951,0,1,0.6037018299102783,0.20740365982055664,Q1
952,0,1,0.6870724558830261,0.37414491176605225,Q1
953,0,0,0.05817672610282898,0.883646547794342,Q2
954,0,0,0.07934258878231049,0.8413147926330566,Q2
955,0,0,0.019548481330275536,0.9609030485153198,Q3
956,0,0,0.42963939905166626,0.14072120189666748,Q1
957,0,0,0.02090318873524666,0.9581936001777649,Q3
958,0,0,0.19805467128753662,0.6038906574249268,Q1
959,0,0,0.061371415853500366,0.8772571682929993,Q2
960,0,0,0.061439789831638336,0.8771204352378845,Q2
961,0,1,0.7624000310897827,0.5248000621795654,Q1
962,0,0,0.012380816042423248,0.9752383828163147,Q3
963,0,0,0.015723401680588722,0.9685531854629517,Q3
964,0,0,0.09099128842353821,0.8180174231529236,Q2
965,0,0,0.01150518748909235,0.9769896268844604,Q3
966,0,0,0.15540054440498352,0.689198911190033,Q1
967,0,0,0.305446982383728,0.38910603523254395,Q1
968,0,0,0.015465556643903255,0.9690688848495483,Q3
969,0,0,0.35934898257255554,0.2813020348548889,Q1
970,0,0,0.048109639436006546,0.9037806987762451,Q2
971,0,0,0.28943192958831787,0.42113614082336426,Q1
972,0,0,0.498198539018631,0.003602921962738037,Q1
973,0,0,0.06519754976034164,0.8696048855781555,Q2
974,0,0,0.011054105125367641,0.9778918027877808,Q3
975,0,0,0.03826788440346718,0.9234642386436462,Q2
976,0,0,0.1081203892827034,0.7837592363357544,Q2
977,0,0,0.020820971578359604,0.9583580493927002,Q3
978,0,0,0.01087746862322092,0.9782450795173645,Q3
979,0,0,0.028522010892629623,0.9429559707641602,Q2
980,0,0,0.01395346038043499,0.9720931053161621,Q3
981,0,0,0.062243275344371796,0.8755134344100952,Q2
982,0,0,0.020045237615704536,0.9599094986915588,Q3
983,0,1,0.9211759567260742,0.8423519134521484,Q2
984,0,0,0.20664624869823456,0.5867074728012085,Q1
985,0,0,0.06817281991243362,0.863654375076294,Q2
986,0,0,0.034038834273815155,0.9319223165512085,Q2
987,0,1,0.8683018684387207,0.7366037368774414,Q2
988,0,0,0.01207735575735569,0.9758452773094177,Q3
989,0,0,0.020226776599884033,0.9595464468002319,Q3
990,0,0,0.07682548463344574,0.8463490009307861,Q2
991,0,0,0.01191488653421402,0.9761702418327332,Q3
992,0,1,0.8611291646957397,0.7222583293914795,Q1
993,0,1,0.8429244756698608,0.6858489513397217,Q1
994,0,0,0.049199268221855164,0.9016014337539673,Q2
995,0,0,0.04398049786686897,0.9120389819145203,Q2
996,0,0,0.07542785257101059,0.8491442799568176,Q2
997,0,0,0.013163907453417778,0.9736722111701965,Q3
998,0,0,0.031020114198327065,0.9379597902297974,Q2
999,0,0,0.010760207660496235,0.9784795641899109,Q3
1000,0,0,0.030336085706949234,0.9393278360366821,Q2
1001,0,0,0.018619894981384277,0.9627602100372314,Q3
1002,0,0,0.011886677704751492,0.9762266278266907,Q3
1003,0,1,0.7195922136306763,0.43918442726135254,Q1
1004,0,0,0.01395620871335268,0.972087562084198,Q3
1005,0,0,0.26238566637039185,0.4752286672592163,Q1
1006,0,0,0.06817281991243362,0.863654375076294,Q2
1007,0,0,0.02970060333609581,0.9405987858772278,Q2
1008,0,0,0.01270934659987688,0.9745813012123108,Q3
1009,0,0,0.0907168835401535,0.8185662031173706,Q2
1010,0,0,0.04880349710583687,0.9023929834365845,Q2
1011,0,0,0.01403951458632946,0.9719209671020508,Q3
1012,0,0,0.14472517371177673,0.7105496525764465,Q1
1013,0,0,0.011840705759823322,0.9763185977935791,Q3
1014,0,0,0.43335482478141785,0.1332903504371643,Q1
1015,0,0,0.018521329388022423,0.9629573225975037,Q3
1016,0,0,0.08702708780765533,0.8259458541870117,Q2
1017,0,0,0.01856243424117565,0.9628751277923584,Q3
1018,0,0,0.031526464968919754,0.9369470477104187,Q2
1019,0,0,0.0461805984377861,0.9076387882232666,Q2
1020,0,0,0.019501227885484695,0.9609975218772888,Q3
1021,0,0,0.1075466200709343,0.7849067449569702,Q2
1022,0,0,0.11863520741462708,0.7627295851707458,Q2
1023,0,0,0.3896021246910095,0.22079575061798096,Q1
1024,0,0,0.017185945063829422,0.9656280875205994,Q3
1025,0,0,0.42335936427116394,0.15328127145767212,Q1
1026,0,0,0.01432533748447895,0.97134929895401,Q3
1027,0,0,0.01825450360774994,0.9634909629821777,Q3
1028,0,0,0.061919424682855606,0.8761611580848694,Q2
1029,0,0,0.06679261475801468,0.8664147853851318,Q2
1030,0,0,0.32808244228363037,0.34383511543273926,Q1
1031,0,0,0.2175220549106598,0.5649558901786804,Q1
1032,0,0,0.09965510666370392,0.8006898164749146,Q2
1033,0,0,0.2816516160964966,0.43669676780700684,Q1
1034,0,0,0.11724726855754852,0.7655054330825806,Q2
1035,0,1,0.7837035655975342,0.5674071311950684,Q1
1036,0,0,0.346264123916626,0.30747175216674805,Q1
1037,0,0,0.05857023596763611,0.8828595280647278,Q2
1038,0,0,0.24054129421710968,0.518917441368103,Q1
1039,0,1,0.8898797631263733,0.7797595262527466,Q2
1040,0,0,0.017777442932128906,0.9644451141357422,Q3
1041,0,0,0.010972516611218452,0.978054940700531,Q3
1042,0,0,0.01446077786386013,0.9710784554481506,Q3
1043,0,0,0.17256216704845428,0.654875636100769,Q1
1044,0,0,0.014522470533847809,0.9709550738334656,Q3
1045,0,0,0.08935253322124481,0.821294903755188,Q2
1046,0,0,0.13967755436897278,0.7206448912620544,Q1
1047,0,0,0.02674172818660736,0.9465165138244629,Q3
1048,0,0,0.021802131086587906,0.9563957452774048,Q3
1049,0,0,0.014840591698884964,0.9703187942504883,Q3
1050,0,0,0.0153000233694911,0.9693999290466309,Q3
1051,0,0,0.01499597355723381,0.9700080752372742,Q3
1052,0,0,0.111892931163311,0.7762141227722168,Q2
1053,0,0,0.32727012038230896,0.3454597592353821,Q1
1054,0,0,0.07393375784158707,0.8521324992179871,Q2
1055,0,0,0.4263846278190613,0.14723074436187744,Q1
1056,0,0,0.020115310326218605,0.9597693681716919,Q3
1057,0,0,0.04302242770791054,0.9139551520347595,Q2
1058,0,1,0.5553064942359924,0.11061298847198486,Q1
1059,0,0,0.1850162148475647,0.6299675703048706,Q1
1060,0,0,0.11377488821744919,0.7724502086639404,Q2
1061,0,0,0.029405396431684494,0.9411892294883728,Q2
1062,0,1,0.9916473627090454,0.9832947254180908,Q3
1063,0,0,0.026896614581346512,0.9462067484855652,Q3
1064,0,0,0.02608526684343815,0.9478294849395752,Q3
1065,0,0,0.011357034556567669,0.9772859215736389,Q3
1066,0,0,0.02356177382171154,0.9528764486312866,Q3
1067,0,0,0.07985945045948029,0.8402811288833618,Q2
1068,0,0,0.10415316373109818,0.7916936874389648,Q2
1069,0,0,0.29460880160331726,0.4107823967933655,Q1
1070,0,0,0.01958354189991951,0.9608328938484192,Q3
1071,0,1,0.810540497303009,0.6210809946060181,Q1
1072,0,0,0.2619225084781647,0.47615498304367065,Q1
1073,0,0,0.014055272564291954,0.9718894362449646,Q3
1074,0,0,0.011879460886120796,0.9762410521507263,Q3
1075,0,0,0.47719627618789673,0.04560744762420654,Q1
1076,0,0,0.05373414233326912,0.89253169298172,Q2
1077,0,0,0.0216793492436409,0.9566413164138794,Q3
1078,0,0,0.06937285512685776,0.8612542748451233,Q2
1079,0,0,0.012451130896806717,0.9750977158546448,Q3
1080,0,0,0.014344803057610989,0.9713103771209717,Q3
1081,0,0,0.03807448968291283,0.9238510131835938,Q2
1082,0,0,0.040937695652246475,0.9181246161460876,Q2
1083,0,0,0.014263095334172249,0.9714738130569458,Q3
1084,0,0,0.06836220622062683,0.8632755875587463,Q2
1085,0,0,0.3359107971191406,0.32817840576171875,Q1
1086,0,0,0.07889173924922943,0.8422164916992188,Q2
1087,0,0,0.05994267016649246,0.8801146745681763,Q2
1088,0,0,0.011804145760834217,0.9763917326927185,Q3
1089,0,1,0.6438891887664795,0.287778377532959,Q1
1090,0,0,0.12859323620796204,0.7428135275840759,Q2
1091,0,0,0.02902459353208542,0.941950798034668,Q2
1092,0,0,0.015839220955967903,0.9683215618133545,Q3
1093,0,0,0.07966814190149307,0.840663731098175,Q2
1094,0,0,0.01128682866692543,0.9774263501167297,Q3
1095,0,0,0.016271155327558517,0.9674577116966248,Q3
1096,0,0,0.056592900305986404,0.8868141770362854,Q2
1097,0,0,0.04408964887261391,0.9118207097053528,Q2
1098,0,0,0.013509069569408894,0.972981870174408,Q3
1099,0,0,0.015585146844387054,0.9688296914100647,Q3
1100,0,0,0.014164859429001808,0.9716702699661255,Q3
1101,0,0,0.011222760193049908,0.9775545001029968,Q3
1102,0,0,0.015986470505595207,0.9680270552635193,Q3
1103,0,0,0.03299577534198761,0.9340084791183472,Q2
1104,0,1,0.9940901398658752,0.9881802797317505,Q4
1105,0,0,0.15863445401191711,0.6827310919761658,Q1
1106,0,0,0.046354614198207855,0.9072907567024231,Q2
1107,0,0,0.21423012018203735,0.5715397596359253,Q1
1108,0,0,0.05457720533013344,0.8908455967903137,Q2
1109,0,0,0.3376198709011078,0.3247602581977844,Q1
1110,0,0,0.26261118054389954,0.4747776389122009,Q1
1111,0,0,0.014265846461057663,0.9714683294296265,Q3
1112,0,0,0.25949573516845703,0.48100852966308594,Q1
1113,0,0,0.027409926056861877,0.9451801776885986,Q3
1114,0,1,0.6883936524391174,0.37678730487823486,Q1
1115,0,0,0.09347181022167206,0.8130563497543335,Q2
1116,0,0,0.10123313218355179,0.7975337505340576,Q2
1117,0,0,0.4571377635002136,0.08572447299957275,Q1
1118,0,0,0.04018392041325569,0.9196321368217468,Q2
1119,0,1,0.6984788179397583,0.3969576358795166,Q1
1120,0,0,0.016919616609811783,0.966160774230957,Q3
1121,0,0,0.032117173075675964,0.9357656240463257,Q2
1122,0,0,0.026602711528539658,0.9467945694923401,Q3
1123,0,0,0.011676141992211342,0.9766477346420288,Q3
1124,0,0,0.05544211342930794,0.8891157507896423,Q2
1125,0,0,0.012774892151355743,0.9744502305984497,Q3
1126,0,0,0.02232441119849682,0.9553511738777161,Q3
1127,0,0,0.014340979978442192,0.9713180661201477,Q3
1128,0,1,0.630682647228241,0.26136529445648193,Q1
1129,0,0,0.15527677536010742,0.6894464492797852,Q1
1130,0,0,0.023903999477624893,0.9521920084953308,Q3
1131,0,0,0.44583258032798767,0.10833483934402466,Q1
1132,0,1,0.9947342872619629,0.9894685745239258,Q4
1133,0,0,0.2816516160964966,0.43669676780700684,Q1
1134,0,1,0.5614633560180664,0.12292671203613281,Q1
1135,0,0,0.14313872158527374,0.7137225866317749,Q1
1136,0,0,0.0583372637629509,0.883325457572937,Q2
1137,0,1,0.6084349751472473,0.21686995029449463,Q1
1138,0,0,0.03753216937184334,0.9249356389045715,Q2
1139,0,0,0.09327393770217896,0.8134521245956421,Q2
1140,0,0,0.012937335297465324,0.974125325679779,Q3
1141,0,0,0.1389787495136261,0.7220425009727478,Q1
1142,0,0,0.013145479373633862,0.9737090468406677,Q3
1143,0,0,0.048248518258333206,0.9035029411315918,Q2
1144,0,0,0.011222760193049908,0.9775545001029968,Q3
1145,0,0,0.011712505482137203,0.9765750169754028,Q3
1146,0,0,0.056926410645246506,0.8861472010612488,Q2
1147,0,0,0.0762232095003128,0.8475536108016968,Q2
1148,0,0,0.18017247319221497,0.6396550536155701,Q1
1149,0,0,0.020063180476427078,0.959873616695404,Q3
1150,0,0,0.059880029410123825,0.8802399635314941,Q2
1151,0,0,0.012903918512165546,0.9741921424865723,Q3
1152,0,0,0.01976623758673668,0.960467517375946,Q3
1153,0,0,0.06572668254375458,0.8685466051101685,Q2
1154,0,0,0.02761995978653431,0.9447600841522217,Q3
1155,0,0,0.034999389201402664,0.9300011992454529,Q2
1156,0,0,0.1329634040594101,0.7340731620788574,Q2
1157,0,0,0.013651704415678978,0.9726966023445129,Q3
1158,0,0,0.023005884140729904,0.953988254070282,Q3
1159,0,0,0.016528813168406487,0.9669423699378967,Q3
1160,0,1,0.878617525100708,0.757235050201416,Q2
1161,0,0,0.04002648591995239,0.9199470281600952,Q2
1162,0,0,0.07620274275541306,0.8475944995880127,Q2
1163,0,0,0.01792202703654766,0.9641559720039368,Q3
1164,0,0,0.04553408548235893,0.9089318513870239,Q2
1165,0,0,0.012089594267308712,0.9758208394050598,Q3
1166,0,0,0.3942168951034546,0.21156620979309082,Q1
1167,0,1,0.6259793639183044,0.2519587278366089,Q1
1168,0,0,0.3538001775741577,0.29239964485168457,Q1
1169,0,0,0.206057608127594,0.587884783744812,Q1
1170,0,0,0.016551118344068527,0.9668977856636047,Q3
1171,0,0,0.015615580603480339,0.968768835067749,Q3
1172,0,0,0.029619840905070305,0.9407603144645691,Q2
1173,0,0,0.34120458364486694,0.3175908327102661,Q1
1174,0,0,0.10556695610284805,0.7888661026954651,Q2
1175,0,0,0.02771499752998352,0.944570004940033,Q3
1176,0,0,0.04436035454273224,0.9112793207168579,Q2
1177,0,0,0.020820733159780502,0.9583585262298584,Q3
1178,0,0,0.029876036569476128,0.9402479529380798,Q2
1179,0,0,0.024620506912469864,0.9507589936256409,Q3
1180,0,0,0.03296707570552826,0.9340658187866211,Q2
1181,0,0,0.014436686411499977,0.9711266160011292,Q3
1182,0,0,0.059372659772634506,0.8812546730041504,Q2
1183,0,0,0.050763536244630814,0.8984729051589966,Q2
1184,0,0,0.019679972901940346,0.9606400728225708,Q3
1185,0,0,0.1352611929178238,0.7294776439666748,Q2
1186,0,0,0.22783538699150085,0.5443292260169983,Q1
1187,0,0,0.025244461372494698,0.9495110511779785,Q3
1188,0,0,0.06516005843877792,0.869679868221283,Q2
1189,0,0,0.011917386204004288,0.976165235042572,Q3
1190,0,0,0.03317221626639366,0.9336555600166321,Q2
1191,0,0,0.09818634390830994,0.8036273121833801,Q2
1192,0,0,0.02953316643834114,0.9409336447715759,Q2
1193,0,0,0.0586073212325573,0.8827853798866272,Q2
1194,0,0,0.018147939816117287,0.9637041091918945,Q3
1195,0,0,0.015516920946538448,0.9689661860466003,Q3
1196,0,1,0.5339414477348328,0.06788289546966553,Q1
1197,0,0,0.01642957329750061,0.9671408534049988,Q3
1198,0,0,0.27620160579681396,0.44759678840637207,Q1
1199,0,0,0.016636714339256287,0.966726541519165,Q3
1200,0,0,0.014922925271093845,0.9701541662216187,Q3
1201,0,0,0.07283967733383179,0.8543206453323364,Q2
1202,0,0,0.09827323257923126,0.8034535646438599,Q2
1203,0,1,0.6770330667495728,0.3540661334991455,Q1
1204,0,0,0.04837126284837723,0.9032574892044067,Q2
1205,0,0,0.01668766885995865,0.9666246771812439,Q3
1206,0,0,0.08323142677545547,0.8335371613502502,Q2
1207,0,0,0.023277077823877335,0.9534458518028259,Q3
1208,0,0,0.015581020154058933,0.9688379764556885,Q3
1209,0,0,0.014975364319980145,0.970049262046814,Q3
1210,0,1,0.6657431721687317,0.3314863443374634,Q1
1211,0,0,0.010134007781744003,0.9797319769859314,Q3
1212,0,0,0.3143882155418396,0.3712235689163208,Q1
1213,0,0,0.021927403286099434,0.956145167350769,Q3
1214,0,0,0.012606659904122353,0.9747866988182068,Q3
1215,0,0,0.02575686201453209,0.9484862685203552,Q3
1216,0,0,0.03808404132723808,0.9238319396972656,Q2
1217,0,1,0.9922823309898376,0.9845646619796753,Q4
1218,0,0,0.024650469422340393,0.9506990909576416,Q3
1219,0,0,0.28186890482902527,0.43626219034194946,Q1
1220,0,0,0.011138739995658398,0.9777225255966187,Q3
1221,0,0,0.04785579442977905,0.9042884111404419,Q2
1222,0,0,0.10602496564388275,0.7879500389099121,Q2
1223,0,0,0.050146427005529404,0.8997071385383606,Q2
1224,0,0,0.4691210389137268,0.06175792217254639,Q1
1225,0,0,0.014196204021573067,0.9716075658798218,Q3
1226,0,0,0.3984845280647278,0.20303094387054443,Q1
1227,0,0,0.14470934867858887,0.7105813026428223,Q1
1228,0,1,0.7901299595832825,0.5802599191665649,Q1
1229,0,0,0.11767932027578354,0.7646413445472717,Q2
1230,0,0,0.016482902690768242,0.9670342206954956,Q3
1231,0,0,0.01456073671579361,0.970878541469574,Q3
1232,0,0,0.0170376505702734,0.9659246802330017,Q3
1233,0,0,0.19295768439769745,0.6140846014022827,Q1
1234,0,0,0.013116899877786636,0.9737662076950073,Q3
1235,0,0,0.014236987568438053,0.971526026725769,Q3
1236,0,0,0.017662689089775085,0.9646745920181274,Q3
1237,0,0,0.03251449763774872,0.9349709749221802,Q2
1238,0,0,0.1718466728925705,0.6563066244125366,Q1
1239,0,0,0.01669885404407978,0.9666022658348083,Q3
1240,0,0,0.0145382359623909,0.9709235429763794,Q3
1241,0,1,0.6126032471656799,0.22520649433135986,Q1
1242,0,0,0.012639068998396397,0.9747218489646912,Q3
1243,0,0,0.01147258747369051,0.9770548343658447,Q3
1244,0,0,0.3134251832962036,0.3731496334075928,Q1
1245,0,0,0.493856281042099,0.012287437915802002,Q1
1246,0,0,0.014959855936467648,0.9700803160667419,Q3
1247,0,0,0.013584418222308159,0.9728311896324158,Q3
1248,0,0,0.011701256968080997,0.9765974879264832,Q3
1249,0,0,0.0145399309694767,0.9709201455116272,Q3
1250,0,0,0.11508658528327942,0.7698268294334412,Q2
1251,0,0,0.012615525163710117,0.9747689366340637,Q3
1252,0,0,0.01575709506869316,0.9684858322143555,Q3
1253,0,0,0.011353206820786,0.9772936105728149,Q3
1254,0,1,0.6746639609336853,0.3493279218673706,Q1
1255,0,0,0.011931671760976315,0.9761366844177246,Q3
1256,0,0,0.014843358658254147,0.970313310623169,Q3
1257,0,0,0.13785602152347565,0.7242879867553711,Q1
1258,0,0,0.10801094770431519,0.7839781045913696,Q2
1259,0,0,0.01789066568017006,0.9642186760902405,Q3
1260,0,0,0.4124508202075958,0.17509835958480835,Q1
1261,0,0,0.11557522416114807,0.7688495516777039,Q2
1262,0,0,0.011224184185266495,0.9775516390800476,Q3
1263,0,0,0.014181282371282578,0.9716374278068542,Q3
1264,0,0,0.015900414437055588,0.9681991934776306,Q3
1265,0,0,0.013515849597752094,0.9729682803153992,Q3
1266,0,0,0.4040796458721161,0.19184070825576782,Q1
1267,0,0,0.02636251039803028,0.9472749829292297,Q3
1268,0,1,0.7365037202835083,0.4730074405670166,Q1
1269,0,0,0.4571377635002136,0.08572447299957275,Q1
1270,0,0,0.016597822308540344,0.9668043851852417,Q3
1271,0,0,0.4244788885116577,0.15104222297668457,Q1
1272,0,0,0.037770770490169525,0.9244584441184998,Q2
1273,0,0,0.017941635102033615,0.9641167521476746,Q3
1274,0,0,0.015231561847031116,0.9695369005203247,Q3
1275,0,1,0.7900802493095398,0.5801604986190796,Q1
1276,0,0,0.487003892660141,0.025992214679718018,Q1
1277,0,0,0.014153565280139446,0.9716928601264954,Q3
1278,0,0,0.013506106100976467,0.9729877710342407,Q3
1279,0,0,0.012110170908272266,0.97577965259552,Q3
1280,0,0,0.351353257894516,0.297293484210968,Q1
1281,0,0,0.07973212748765945,0.8405357599258423,Q2
1282,0,0,0.08004644513130188,0.8399071097373962,Q2
1283,0,0,0.30080246925354004,0.3983950614929199,Q1
1284,0,0,0.02106708288192749,0.957865834236145,Q3
1285,0,0,0.011591450311243534,0.9768170714378357,Q3
1286,0,0,0.06132916733622551,0.8773416876792908,Q2
1287,0,0,0.013980339281260967,0.9720393419265747,Q3
1288,0,0,0.021496202796697617,0.9570075869560242,Q3
1289,0,0,0.015161904506385326,0.9696761965751648,Q3
1290,0,0,0.025965724140405655,0.9480685591697693,Q3
1291,0,0,0.09098303318023682,0.8180339336395264,Q2
1292,0,0,0.03383580967783928,0.9323284029960632,Q2
1293,0,0,0.032990965992212296,0.934018075466156,Q2
1294,0,0,0.05328011512756348,0.893439769744873,Q2
1295,0,0,0.014046069234609604,0.9719078540802002,Q3
1296,0,0,0.09734073281288147,0.8053185343742371,Q2
1297,0,0,0.013571089133620262,0.9728578329086304,Q3
1298,0,1,0.9910070300102234,0.9820140600204468,Q3
1299,0,0,0.017435824498534203,0.9651283621788025,Q3
1300,0,0,0.03843260928988457,0.9231348037719727,Q2
1301,0,0,0.06132916733622551,0.8773416876792908,Q2
1302,0,0,0.08136265724897385,0.8372746706008911,Q2
1303,0,0,0.131333589553833,0.737332820892334,Q2
1304,0,0,0.37630152702331543,0.24739694595336914,Q1
1305,0,0,0.037399452179670334,0.9252011179924011,Q2
1306,0,0,0.31158268451690674,0.3768346309661865,Q1
1307,0,0,0.02319362945854664,0.953612744808197,Q3
1308,0,0,0.03476231172680855,0.9304753541946411,Q2
1309,0,0,0.05665215477347374,0.8866956830024719,Q2
1310,0,0,0.01519695296883583,0.9696061015129089,Q3
1311,0,0,0.018297987058758736,0.9634039998054504,Q3
1312,0,0,0.1525934487581253,0.6948131322860718,Q1
1313,0,0,0.18302996456623077,0.6339401006698608,Q1
1314,0,0,0.27895915508270264,0.4420816898345947,Q1
1315,0,0,0.3528033494949341,0.29439330101013184,Q1
1316,0,1,0.9580073356628418,0.9160146713256836,Q2
1317,0,0,0.017363088205456734,0.9652737975120544,Q3
1318,0,0,0.04002648591995239,0.9199470281600952,Q2
1319,0,0,0.034434739500284195,0.9311305284500122,Q2
1320,0,0,0.017445998266339302,0.9651079773902893,Q3
1321,0,0,0.09814907610416412,0.8037018775939941,Q2
1322,0,0,0.01346256211400032,0.9730748534202576,Q3
1323,0,1,0.5776547193527222,0.15530943870544434,Q1
1324,0,0,0.41613852977752686,0.1677229404449463,Q1
1325,0,1,0.9299637675285339,0.8599275350570679,Q2
1326,0,0,0.0190499909222126,0.961899995803833,Q3
1327,0,0,0.02013266272842884,0.9597346782684326,Q3
1328,0,1,0.7196169495582581,0.4392338991165161,Q1
1329,0,0,0.012378048151731491,0.9752439260482788,Q3
1330,0,0,0.014059977605938911,0.9718800187110901,Q3
1331,0,0,0.011693945154547691,0.9766120910644531,Q3
1332,0,0,0.014250611886382103,0.9714987874031067,Q3
1333,0,0,0.014804993756115437,0.9703900218009949,Q3
1334,0,0,0.018786732107400894,0.9624265432357788,Q3
1335,0,0,0.1367926299571991,0.7264147400856018,Q1
1336,0,0,0.020543575286865234,0.9589128494262695,Q3
1337,0,0,0.17467206716537476,0.6506558656692505,Q1
1338,0,0,0.017138466238975525,0.9657230377197266,Q3
1339,0,0,0.021120047196745872,0.9577599167823792,Q3
1340,0,0,0.10554194450378418,0.7889161109924316,Q2
1341,0,1,0.7088888883590698,0.41777777671813965,Q1
1342,0,0,0.27052655816078186,0.4589468836784363,Q1
1343,0,0,0.45043134689331055,0.0991373062133789,Q1
1344,0,0,0.16957731544971466,0.6608453989028931,Q1
1345,0,0,0.2362121194601059,0.5275757312774658,Q1
1346,0,0,0.028240857645869255,0.9435182809829712,Q2
1347,0,1,0.6586272120475769,0.3172544240951538,Q1
1348,0,0,0.20936396718025208,0.5812720656394958,Q1
1349,0,0,0.3867984414100647,0.2264031171798706,Q1
1350,0,0,0.012734010815620422,0.9745320081710815,Q3
1351,0,1,0.871476411819458,0.742952823638916,Q2
1352,0,0,0.04352058097720146,0.9129588603973389,Q2
1353,0,1,0.5952903032302856,0.1905806064605713,Q1
1354,0,0,0.045806895941495895,0.90838623046875,Q2
1355,0,0,0.028192251920700073,0.9436154961585999,Q2
1356,0,1,0.8559250235557556,0.7118500471115112,Q1
1357,0,1,0.7606129050254822,0.5212258100509644,Q1
1358,0,0,0.03362780436873436,0.9327443838119507,Q2
1359,0,0,0.026792656630277634,0.9464147090911865,Q3
1360,0,0,0.03178839385509491,0.9364231824874878,Q2
1361,0,1,0.952584445476532,0.905168890953064,Q2
1362,0,0,0.03139718994498253,0.9372056126594543,Q2
1363,0,0,0.036257702857255936,0.9274845719337463,Q2
1364,0,0,0.031074771657586098,0.9378504753112793,Q2
1365,0,0,0.026241851970553398,0.9475163221359253,Q3
1366,0,0,0.010257191024720669,0.9794856309890747,Q3
1367,0,0,0.01221428718417883,0.9755714535713196,Q3
1368,0,1,0.5699513554573059,0.13990271091461182,Q1
1369,0,0,0.04754885658621788,0.9049022793769836,Q2
1370,0,1,0.5696138143539429,0.13922762870788574,Q1
1371,0,0,0.012357782572507858,0.9752844572067261,Q3
1372,0,0,0.016853760927915573,0.9662925004959106,Q3
1373,0,0,0.06083320081233978,0.878333568572998,Q2
1374,0,0,0.1305931955575943,0.7388136386871338,Q2
1375,0,0,0.01723494939506054,0.9655300974845886,Q3
1376,0,0,0.04375779256224632,0.9124844074249268,Q2
1377,0,0,0.026792656630277634,0.9464147090911865,Q3
1378,0,0,0.026257013902068138,0.9474859833717346,Q3
1379,0,0,0.2504739463329315,0.49905210733413696,Q1
1380,0,0,0.07735846936702728,0.845283031463623,Q2
1381,0,1,0.5871233940124512,0.17424678802490234,Q1
1382,0,0,0.135715052485466,0.7285698652267456,Q1
1383,0,1,0.6290854811668396,0.2581709623336792,Q1
1384,0,0,0.07788681983947754,0.8442263603210449,Q2
1385,0,0,0.02227204106748104,0.9554558992385864,Q3
1386,0,0,0.011990934610366821,0.9760181307792664,Q3
1387,0,0,0.2972930073738098,0.40541398525238037,Q1
1388,0,0,0.015821153298020363,0.9683576822280884,Q3
1389,0,0,0.01782746985554695,0.9643450379371643,Q3
1390,0,0,0.030397744849324226,0.9392045140266418,Q2
1391,0,0,0.014152219519019127,0.9716955423355103,Q3
1392,0,0,0.02775118686258793,0.9444976449012756,Q3
1393,0,0,0.024940231814980507,0.9501195549964905,Q3
1394,0,0,0.04742925986647606,0.9051414728164673,Q2
1395,0,0,0.02776682749390602,0.9444663524627686,Q3
1396,0,1,0.9527649879455566,0.9055299758911133,Q2
1397,0,0,0.24827337265014648,0.503453254699707,Q1
1398,0,0,0.014348557218909264,0.97130286693573,Q3
1399,0,0,0.1493961066007614,0.7012077569961548,Q1
1400,0,0,0.0240179393440485,0.9519641399383545,Q3
1401,0,0,0.1001642718911171,0.799671471118927,Q2
1402,0,0,0.012621798552572727,0.9747564196586609,Q3
1403,0,0,0.04248728230595589,0.9150254130363464,Q2
1404,0,0,0.03020656481385231,0.939586877822876,Q2
1405,0,0,0.023293139412999153,0.953413724899292,Q3
1406,0,0,0.014024612493813038,0.9719507694244385,Q3
1407,0,0,0.06734772026538849,0.8653045892715454,Q2
1408,0,0,0.04089715704321861,0.9182056784629822,Q2
1409,0,0,0.032178979367017746,0.9356420636177063,Q2
1410,0,0,0.011818097904324532,0.9763637781143188,Q3
1411,0,0,0.13523486256599426,0.7295302748680115,Q2
1412,0,0,0.013074635528028011,0.9738507270812988,Q3
1413,0,0,0.18199877440929413,0.6360024213790894,Q1
1414,0,1,0.846484899520874,0.692969799041748,Q1
1415,0,0,0.011624542064964771,0.976750910282135,Q3
1416,0,0,0.031329307705163956,0.9373413920402527,Q2
1417,0,0,0.1302110254764557,0.7395779490470886,Q2
1418,0,0,0.014958182349801064,0.9700836539268494,Q3
1419,0,1,0.8699413537979126,0.7398827075958252,Q2
1420,0,0,0.47235992550849915,0.05528014898300171,Q1
1421,0,0,0.033981479704380035,0.9320370554924011,Q2
1422,0,0,0.059616267681121826,0.8807674646377563,Q2
1423,0,0,0.016635894775390625,0.9667282104492188,Q3
1424,0,0,0.025717297568917274,0.9485654234886169,Q3
1425,0,0,0.015465606935322285,0.9690687656402588,Q3
1426,0,0,0.05100354924798012,0.8979929089546204,Q2
1427,0,0,0.013260160572826862,0.973479688167572,Q3
1428,0,1,0.8795503973960876,0.7591007947921753,Q2
1429,0,0,0.01253165490925312,0.9749366641044617,Q3
1430,0,0,0.22539454698562622,0.5492109060287476,Q1
1431,0,0,0.05995858833193779,0.8800828456878662,Q2
1432,0,0,0.2772005796432495,0.445598840713501,Q1
1433,0,0,0.40252089500427246,0.19495820999145508,Q1
1434,0,0,0.011837677098810673,0.9763246178627014,Q3
1435,0,0,0.012121019884943962,0.9757579565048218,Q3
1436,0,0,0.020700812339782715,0.9585983753204346,Q3
1437,0,0,0.029795775189995766,0.94040846824646,Q2
1438,0,0,0.012027062475681305,0.9759458899497986,Q3
1439,0,0,0.07082875072956085,0.8583425283432007,Q2
1440,0,0,0.46431389451026917,0.07137221097946167,Q1
1441,0,0,0.01957973837852478,0.9608405232429504,Q3
1442,0,0,0.014175510965287685,0.9716489911079407,Q3
1443,0,0,0.017819305881857872,0.9643613696098328,Q3
1444,0,1,0.7886220216751099,0.5772440433502197,Q1
1445,0,0,0.02034277468919754,0.9593144655227661,Q3
1446,0,0,0.020588237792253494,0.9588235020637512,Q3
1447,0,0,0.014325390569865704,0.9713492393493652,Q3
1448,0,0,0.03029402159154415,0.9394119381904602,Q2
1449,0,0,0.08092249184846878,0.8381550312042236,Q2
1450,0,0,0.019191846251487732,0.9616162776947021,Q3
1451,0,0,0.025028370320796967,0.9499432444572449,Q3
1452,0,1,0.6948451995849609,0.3896903991699219,Q1
1453,0,0,0.162775456905365,0.67444908618927,Q1
1454,0,0,0.15418095886707306,0.6916381120681763,Q1
1455,0,0,0.2502509653568268,0.49949806928634644,Q1
1456,0,0,0.010829449631273746,0.9783411026000977,Q3
1457,0,0,0.02890963666141033,0.9421807527542114,Q2
1458,0,0,0.04582979902625084,0.9083403944969177,Q2
1459,0,0,0.04994776472449303,0.9001044631004333,Q2
1460,0,0,0.285806804895401,0.428386390209198,Q1
1461,0,0,0.10154105722904205,0.7969179153442383,Q2
1462,0,0,0.07762888818979263,0.8447422385215759,Q2
1463,0,0,0.2544180452823639,0.4911639094352722,Q1
1464,0,0,0.013578561134636402,0.9728428721427917,Q3
1465,0,0,0.013072834350168705,0.9738543033599854,Q3
1466,0,0,0.26074114441871643,0.47851771116256714,Q1
1467,0,0,0.017272060737013817,0.9654558897018433,Q3
1468,0,0,0.01768738590180874,0.9646252393722534,Q3
1469,0,0,0.10448454320430756,0.7910308837890625,Q2
1470,0,0,0.03040202334523201,0.9391959309577942,Q2
1471,0,0,0.3686964213848114,0.2626071572303772,Q1
1472,0,0,0.15847964584827423,0.6830407381057739,Q1
1473,0,0,0.27024704217910767,0.45950591564178467,Q1
1474,0,0,0.013731447979807854,0.972537100315094,Q3
1475,0,0,0.012196878902614117,0.9756062626838684,Q3
1476,0,0,0.012378048151731491,0.9752439260482788,Q3
1477,0,0,0.014344282448291779,0.9713114500045776,Q3
1478,0,1,0.5583702325820923,0.11674046516418457,Q1
1479,0,0,0.019761770963668823,0.9604764580726624,Q3
1480,0,0,0.032029617577791214,0.9359407424926758,Q2
1481,0,0,0.013592182658612728,0.9728156328201294,Q3
1482,0,0,0.04120251536369324,0.9175949692726135,Q2
1483,0,0,0.021751079708337784,0.956497848033905,Q3
1484,0,0,0.208696186542511,0.582607626914978,Q1
1485,0,0,0.39059779047966003,0.21880441904067993,Q1
1486,0,0,0.016213782131671906,0.9675724506378174,Q3
1487,0,0,0.024368153885006905,0.9512636661529541,Q3
1488,0,1,0.6154166460037231,0.2308332920074463,Q1
1489,0,0,0.043391600251197815,0.9132168292999268,Q2
1490,0,0,0.07247386872768402,0.8550522327423096,Q2
1491,0,0,0.04972624406218529,0.9005475044250488,Q2
1492,0,0,0.029529036954045296,0.9409419298171997,Q2
1493,0,0,0.07185959815979004,0.8562808036804199,Q2
1494,0,0,0.027336852625012398,0.9453262686729431,Q3
1495,0,0,0.20045673847198486,0.5990865230560303,Q1
1496,0,0,0.05000341311097145,0.8999931812286377,Q2
1497,0,1,0.705413818359375,0.41082763671875,Q1
1498,0,0,0.049685291945934296,0.9006294012069702,Q2
1499,0,0,0.30572426319122314,0.3885514736175537,Q1
1500,0,0,0.03313389793038368,0.9337322115898132,Q2
1501,0,0,0.017104659229516983,0.9657906889915466,Q3
1502,0,0,0.016423724591732025,0.9671525359153748,Q3
1503,0,0,0.011447046883404255,0.9771059155464172,Q3
1504,0,0,0.13169477880001068,0.7366104125976562,Q2
1505,0,0,0.013494339771568775,0.973011314868927,Q3
1506,0,0,0.1123747006058693,0.7752506136894226,Q2
1507,0,0,0.014765487052500248,0.9704689979553223,Q3
1508,0,0,0.08299409598112106,0.8340117931365967,Q2
1509,0,0,0.015279327519237995,0.9694413542747498,Q3
1510,0,0,0.01545761525630951,0.9690847396850586,Q3
1511,0,0,0.39113497734069824,0.21773004531860352,Q1
1512,0,0,0.0188278965651989,0.962344229221344,Q3
1513,0,0,0.01375222485512495,0.9724955558776855,Q3
1514,0,0,0.021004237234592438,0.9579915404319763,Q3
1515,0,0,0.23102326691150665,0.5379534959793091,Q1
1516,0,0,0.11528196930885315,0.7694360613822937,Q2
1517,0,1,0.7403982877731323,0.48079657554626465,Q1
1518,0,0,0.027870086953043938,0.9442598223686218,Q3
1519,0,0,0.012405368499457836,0.9751892685890198,Q3
1520,0,0,0.30933818221092224,0.3813236355781555,Q1
1521,0,0,0.2795107066631317,0.4409785866737366,Q1
1522,0,0,0.015666648745536804,0.968666672706604,Q3
1523,0,0,0.01193156000226736,0.9761368632316589,Q3
1524,0,0,0.09417527914047241,0.8116494417190552,Q2
1525,0,0,0.016472015529870987,0.9670559763908386,Q3
1526,0,0,0.04496341198682785,0.9100731611251831,Q2
1527,0,0,0.14620918035507202,0.707581639289856,Q1
1528,0,0,0.045005977153778076,0.9099880456924438,Q2
1529,0,1,0.6884714961051941,0.3769429922103882,Q1
1530,0,0,0.29120680689811707,0.41758638620376587,Q1
1531,0,0,0.02819073013961315,0.9436185359954834,Q3
1532,0,0,0.04888075962662697,0.9022384881973267,Q2
1533,0,1,0.9483521580696106,0.8967043161392212,Q2
1534,0,0,0.038716208189725876,0.92256760597229,Q2
1535,0,0,0.08664393424987793,0.8267121315002441,Q2
1536,0,0,0.022799978032708168,0.9544000625610352,Q3
1537,0,0,0.14444637298583984,0.7111072540283203,Q1
1538,0,0,0.06041194498538971,0.879176139831543,Q2
1539,0,0,0.016246184706687927,0.9675076007843018,Q3
1540,0,0,0.014460718259215355,0.9710785746574402,Q3
1541,0,0,0.48352816700935364,0.032943665981292725,Q1
1542,0,0,0.01805322989821434,0.9638935327529907,Q3
1543,0,0,0.05692228674888611,0.8861554265022278,Q2
1544,0,1,0.9840983748435974,0.9681967496871948,Q3
1545,0,0,0.06081514060497284,0.8783696889877319,Q2
1546,0,0,0.02125692553818226,0.9574861526489258,Q3
1547,0,1,0.8630188703536987,0.7260377407073975,Q1
1548,0,1,0.5098304748535156,0.01966094970703125,Q1
1549,0,1,0.9830806851387024,0.9661613702774048,Q3
1550,0,0,0.020298747345805168,0.9594025015830994,Q3
1551,0,0,0.011442461982369423,0.9771150946617126,Q3
1552,0,0,0.4646385610103607,0.07072287797927856,Q1
1553,0,0,0.18926046788692474,0.6214790344238281,Q1
1554,0,0,0.2025233507156372,0.5949532985687256,Q1
1555,0,0,0.46489256620407104,0.07021486759185791,Q1
1556,0,0,0.40190741419792175,0.1961851716041565,Q1
1557,0,0,0.24107113480567932,0.5178577303886414,Q1
1558,0,0,0.013405418954789639,0.9731891751289368,Q3
1559,0,0,0.012637277133762836,0.9747254252433777,Q3
1560,0,0,0.024243658408522606,0.9515126943588257,Q3
1561,0,0,0.15674133598804474,0.6865173578262329,Q1
1562,0,0,0.07340288907289505,0.8531942367553711,Q2
1563,0,0,0.030112020671367645,0.9397759437561035,Q2
1564,0,0,0.18092383444309235,0.6381523609161377,Q1
1565,0,0,0.17570781707763672,0.6485843658447266,Q1
1566,0,0,0.28387579321861267,0.43224841356277466,Q1
1567,0,0,0.11322826147079468,0.7735434770584106,Q2
1568,0,0,0.05190616101026535,0.8961876630783081,Q2
1569,0,0,0.02414376102387905,0.9517124891281128,Q3
1570,0,0,0.16316679120063782,0.6736664175987244,Q1
1571,0,1,0.8825855851173401,0.7651711702346802,Q2
1572,0,0,0.025722574442625046,0.9485548734664917,Q3
1573,0,0,0.04819997400045395,0.9036000370979309,Q2
1574,0,0,0.028355926275253296,0.9432881474494934,Q2
1575,0,0,0.034630682319402695,0.930738627910614,Q2
1576,0,0,0.030223483219742775,0.9395530223846436,Q2
1577,0,0,0.015953155234456062,0.9680936932563782,Q3
1578,0,1,0.9052326083183289,0.8104652166366577,Q2
1579,0,0,0.2115975320339203,0.5768049359321594,Q1
1580,0,0,0.340656578540802,0.318686842918396,Q1
1581,0,0,0.013071621768176556,0.9738567471504211,Q3
1582,0,0,0.012752186506986618,0.9744956493377686,Q3
1583,0,0,0.06719022989273071,0.8656195402145386,Q2
